loca_2,centroid_lat,centroid_lng
MARRANGAROO,-33.42603060218577,150.1413264187248
MARRAR,-34.83344028870695,147.34272951386436
MARRICKVILLE,-33.9111583427035,151.1554625636943
MARSDEN PARK,-33.69833207095493,150.8216758532567
MARSFIELD,-33.77576964689968,151.10484503780953
MARSHALL MOUNT,-34.54262491012461,150.7309175709078
MARSHDALE,-32.42229385083717,151.80329662079177
BELBORA,-31.984140955260983,152.16918779407047
MARTHAGUY,-31.24841945250721,147.86087314531673
MARTINDALE,-32.59613304790735,150.64659803259772
MARTINS CREEK,-32.555288658655186,151.64444553172882
MARTINSVILLE,-33.051160086241104,151.3917712792511
MARULAN,-34.72952373003679,149.9995475712462
MARYLAND,-32.880001506113935,151.66217318570514
MARYLAND,-28.53923901772833,152.04605161657858
MARYS MOUNT,-30.978353687897997,150.01525415030432
MARYVALE,-32.45890278764558,148.8998183881981
MARYVILLE,-32.91138271388731,151.7555407142695
BELFIELD,-33.90452636017546,151.0858956279911
MASCOT,-33.94053305145396,151.18237855413852
MATCHAM,-33.40674083864067,151.42691184802473
MATHESON,-29.756299504452073,151.57178381012505
MATHOURA,-35.809097628983864,144.86237037674286
MATONG,-34.76305241451338,146.91120688156
MATRAVILLE,-33.96304667570497,151.2327632715467
MAUDE,-34.489887142960136,144.1900397843315
MAULES CREEK,-30.48502574373316,150.23003558816433
MAXWELL,-35.28495080399082,147.29562788154567
MAYBOLE,-29.902282229875315,151.57248431738384
BELFORD,-32.669361498442285,151.28805713523346
MAYERS FLAT,-32.398409370660154,152.3382974096759
MAYFIELD,-35.23634527057964,149.78151728731078
MAYFIELD,-33.66660808186701,149.77483864560975
MAYFIELD,-32.89781278864608,151.73816112286391
MAYFIELD,-34.91990655618331,150.6684830161308
MAYFIELD EAST,-32.900243652421004,151.7499228945642
MAYFIELD NORTH,-32.88964173414389,151.750435937233
MAYFIELD WEST,-32.88497041571128,151.7246099651839
MAYRUNG,-35.47355228822662,145.32609232329452
MAYS HILL,-33.82063104501051,150.98929460733
BELFRAYDEN,-35.11651107610739,147.05530878162358
MAYVALE,-30.409605425467756,150.4108099094965
MCCULLYS GAP,-32.20695168070998,151.00081774377935
MCDOUGALLS HILL,-32.54555423084665,151.1464281013307
MCGRATHS HILL,-33.612798416364335,150.8416544148876
MCKEES HILL,-28.876844147423053,153.19339491668399
MCKELLARS PARK,-33.470397428609665,150.15302398635822
MCLEANS RIDGES,-28.791513238771483,153.39445818613933
MCLEODS SHOOT,-28.659396694010763,153.5541580949358
MCMAHONS POINT,-33.84490266647516,151.2030306695967
MCMAHONS REEF,-34.68367598905182,148.4157317546826
BELGRAVIA,-33.113612564100144,149.02453826342457
MEADOW FLAT,-33.44135533744506,149.91527793311306
MEADOWBANK,-33.81667464818224,151.08859543661822
MEBBIN,-28.449896495531846,153.162411121605
MEBUL,-32.33521715225569,149.35788616654466
MEDLOW BATH,-33.677788207680386,150.29110145821946
MEDOWIE,-32.739356658561995,151.88005187576096
MEDWAY,-34.49185513835321,150.2840041819275
MEERSCHAUM VALE,-28.926497817550253,153.41378655574442
MEGAN,-30.301489240104804,152.7731828053274
MELBERGEN,-33.74486465996276,146.0102894750654
MELINGA,-31.812969474067618,152.4991752423039
MELLONG,-33.1108094244589,150.74123765185877
MELLOOL,-35.323939993759986,143.77294377714892
MELROSE PARK,-33.8141227255243,151.07335472643533
MELVILLE,-32.67707058217587,151.51987928776293
MEMAGONG,-34.295211809647036,148.12863383054957
MENAH,-32.53421325337616,149.54448857512992
MENAI,-34.00692244142269,151.00368087797426
BELIMBLA PARK,-34.08426757972455,150.53989230570247
MENANGLE,-34.13750680179801,150.72132412287226
MENANGLE PARK,-34.10122297401769,150.7566922430883
MENDOORAN,-31.794844178364965,149.06431077573885
MENINDEE,-32.4417214517211,142.71900823984708
MERAH NORTH,-30.18316671584465,149.20600182636394
MEREWETHER,-32.94825012577311,151.74340357402164
MEREWETHER HEIGHTS,-32.94688264484783,151.732753491546
MERIMBULA,-36.89272183169265,149.89806580926728
MERINGO,-35.98153360912782,150.13876086072665
MERNOT,-31.688527511619263,151.57208198281185
ALBION PARK RAIL,-34.561843893696526,150.79486089573123
BELL,-33.497340769476665,150.2939902962975
MEROO,-32.75836177649157,149.6229213797868
MEROO MEADOW,-34.814494571035766,150.60691835586331
MEROTHERIE,-32.15861172822278,149.56959452112943
MERRIANGAAH,-36.839267473771976,149.01940301069385
MERRICUMBENE,-35.73121517026489,149.87274702336168
MERRIGAL,-31.50268441453597,148.26203457291342
MERRILL,-34.684596881340035,149.25711398114325
MERRIWA,-32.106449819296905,150.2959552913357
MERRIWAGGA,-33.78875576264626,145.66180592146236
MERRYGOEN,-31.807054961087594,149.28426071379465
BELLA VISTA,-33.73827413356843,150.95290139886978
MERRYLANDS,-33.836022204743614,150.98668568636324
MERRYLANDS WEST,-33.837109198299316,150.96808810377368
MERUNGLE HILL,-34.61492722045157,146.46522966658773
MERYLA,-34.69416455427222,150.35041542760908
METFORD,-32.76570432308987,151.60906796475263
METHUL,-34.602356254930996,147.1122782701718
MIAMLEY,-32.400557100368744,146.92802522250335
MIANDETTA,-31.586570156677972,146.92154321586048
MICALO ISLAND,-29.450144533064044,153.31090682558056
MICHELAGO,-35.74268702840568,149.2018851232294
BELLAMBI,-34.36844123596589,150.9172916791278
MIDDLE ARM,-34.597639929308556,149.7333661666162
MIDDLE BROOK,-31.92324673288845,150.79247102322296
MIDDLE BROTHER,-31.69014573440459,152.7101822057888
MIDDLE COVE,-33.7926057909353,151.21202546728819
MIDDLE DURAL,-33.63749865960244,151.01388730371275
MIDDLE FALBROOK,-32.442312913023045,151.14908313115126
MIDDLE FLAT,-36.235734241335095,149.19186649956603
MIDDLE HARBOUR,-33.802160805116266,151.23607962709193
MIDDLE POCKET,-28.486868653310086,153.46814132859927
MIDDLETON GRANGE,-33.91465271938647,150.84275662007255
BELLANGRY,-31.3279833511889,152.5818483766666
MIDDLINGBANK,-36.2145181910725,148.81210969641648
MIDGINBIL,-28.499484351051176,153.266800585156
MIHI,-30.718315212245134,151.6942034603393
MILA,-37.049830323021425,149.15987965945425
MILBRODALE,-32.71604964926337,150.9499985258304
MILBRULONG,-35.25211968273262,146.87042135817157
MILKERS FLAT,-33.27973451670835,149.40180593158055
MILLAH MURRAH,-33.18002603469427,149.61157085430727
MILLBANK,-30.791412109480298,152.60696586099706
MILLER,-33.92128027545634,150.87848585845387
BELLATA,-29.93543842382323,149.75899469557623
MILLERS FOREST,-32.762110280325516,151.70141994184402
MILLERS POINT,-33.859529345458206,151.20418372025307
MILLFIELD,-32.88650250194964,151.24765111503248
MILLIE,-29.74830227794068,149.49387127588454
MILLINGANDI,-36.88700397568905,149.85690068721308
MILLTHORPE,-33.4528552537028,149.19146191304156
MILPARINKA,-29.89347498971291,141.57188843281068
MILPERRA,-33.93891788578416,150.9816625284366
MILROY,-31.14203234223194,150.04764542453552
MILROY,-32.59266193681586,149.6210433576577
BELLAWONGARAH,-34.75896603736871,150.6189612007448
MILSONS PASSAGE,-33.51423246255633,151.1797969523643
MILSONS POINT,-33.84709996654116,151.21134301971006
MILTON,-35.31937875879611,150.4390572567957
MILVALE,-34.3333668185262,147.91559747632954
MIMOSA,-34.55727855505668,147.39886163986256
MINCHINBURY,-33.78763043472664,150.8299112514645
MINDARIBBA,-32.648698718465326,151.56755357230767
MINIMBAH,-32.16165072439484,152.37221134776792
MINJARY,-35.21812689939416,148.1410149833335
MINMI,-32.8771653787034,151.62022618008444
BELLBIRD,-32.85358792302335,151.31672791540214
MINNAMURRA,-34.623053710416535,150.85079648047233
MINNIE WATER,-29.74724778126144,153.268999640711
MINORE,-32.272144004512064,148.44587507916765
MINTO,-34.03019115848706,150.84820901837617
MINTO HEIGHTS,-34.03511518620989,150.87377116609184
MIRADOR,-36.877356087928824,149.92076243727405
MIRANDA,-34.033020884703525,151.10303011522961
MIRANNIE,-32.37827654192378,151.37231276223673
MIRRABOOKA,-33.11167493616248,151.55541355454426
MIRROOL,-34.237704930826666,147.06443218029193
BELLBIRD HEIGHTS,-32.84785687406906,151.3306441421426
MISSABOTTI,-30.56602131349072,152.78462869725965
MITCHELL,-33.427357256590014,149.5567168810581
MITCHELLS FLAT,-32.55503110829547,151.29659247949408
MITCHELLS ISLAND,-31.90237989639018,152.6178600874752
MITTAGONG,-34.46169480469302,150.48683293245938
MOAMA,-36.006426486834265,144.75179061115062
MODANVILLE,-28.719145156778417,153.3000898608675
MOGAREEKA,-36.69378737545417,149.9790904758728
MOGENDOURA,-35.85869139545096,150.03259868590695
MOGGS SWAMP,-29.92335405282862,152.07989498907574
BELLBROOK,-30.75945958121133,152.48460956334762
MOGILLA,-36.70801032657922,149.56459452009352
MOGO,-35.7941747278806,150.10159023369835
MOGO,-32.259037919956356,150.0219363768677
MOGO CREEK,-33.14502191929814,151.0693014206224
MOGOOD,-35.49180730257732,150.19054261342805
MOGRANI,-32.0284957094547,152.03185967359923
MOGRIGUY,-32.070898710031095,148.66605830022408
MOLE RIVER,-29.07909557439788,151.70827111073373
MOLEVILLE CREEK,-29.571072512616926,152.90555761184214
MOLLYAN,-31.58474786076256,149.2014178602406
BELLEVUE HILL,-33.88085592054382,151.2556220989337
MOLLYMOOK,-35.34027720800327,150.469044650907
MOLLYMOOK BEACH,-35.32707646617239,150.47002433144158
MOLONG,-33.09936680745247,148.86183487426243
MONA VALE,-33.67596443514586,151.3036277652114
MONAK,-34.29786921158875,142.29066799521595
MONALTRIE,-28.85211111959723,153.2906293701338
MONDAYONG,-35.179207698074755,150.50730610890685
MONDROOK,-31.9101895804491,152.40941423239235
MONGA,-35.55527506595121,149.90981110082924
MONGARLOWE,-35.41610236894419,149.93326233107476
ALBURY,-36.07372954131425,146.9135418817328
BELLIMBOPINNI,-31.005784823301866,152.89890120273085
MONGOGARIE,-28.951387570525615,152.89823639448966
MONIA GAP,-33.604568835588815,145.98910889625017
MONIVAE,-32.69577971013122,149.90441951750915
MONKERAI,-32.2498761440014,151.85320484516055
MONTEAGLE,-34.165134113296304,148.34483307095394
MONTECOLLUM,-28.591627155188185,153.46190172804944
MONTEFIORES,-32.530376776564836,148.9389638750332
MONTEREY,-33.97229478609212,151.14765251689516
MOOBALL,-28.43569488575319,153.497095787681
MOOBI,-32.072165111195126,150.7968041753617
BELLINGEN,-30.452701692841657,152.88866124038523
MOOGEM,-29.452748385362444,152.24790378216943
MOOKERAWA,-32.79212936249237,149.16630100110106
MOOKIMA WYBRA,-29.008365872705774,152.53417030475694
MOOLARBEN,-32.36312742891809,149.77310192237704
MOOLLATTOO,-34.78701418418775,150.37843077455022
MOOLPA,-34.92354777222252,143.76151110255591
MOOMBOOLDOOL,-34.33637204546053,146.68894090013663
MOONAN BROOK,-31.952051367655177,151.35728393441312
MOONAN FLAT,-31.888518495560636,151.21258749432022
MOONBAH,-36.51041156205242,148.5600764609233
BELLMOUNT FOREST,-34.91199421019203,149.2549742796718
MOONBI,-30.94955259808666,151.0480970669585
MOONBRIA,-35.12335849930658,145.44531594088463
MOONEBA,-31.03902956335652,152.70498840562354
MOONEE,-33.17122783258057,151.62121329100356
MOONEE BEACH,-30.192124919180895,153.1498287192098
MOONEY MOONEY,-33.52610296517967,151.20729388662488
MOONEY MOONEY CREEK,-33.46518558875686,151.2213945847422
MOONPAR,-30.22185073022298,152.6416587268441
MOORAL CREEK,-31.695304308450037,152.35809355175724
BELLTREES,-31.9697555528965,151.12253435685687
MOORBEL,-33.56114707373209,148.6981395663987
MOORE CREEK,-30.988467916942348,150.9440971437759
MOORE PARK,-33.8953410672451,151.22152979424152
MOOREBANK,-33.94310100420381,150.93751563263416
MOORILDA,-33.62741121105758,149.32658688780475
MOORLAND,-31.77611671310048,152.6515758720516
MOORONG,-35.11180650721093,147.31243366146313
MOORWATHA,-35.91897512266084,146.72865726388787
MOPARRABAH,-31.044869530314912,152.45166650239744
MOPPY,-31.983133171322976,151.61871146098642
BELMONT,-33.030349636689486,151.6732951522327
MORAGO,-35.34621683973812,144.71918216730694
MORANGARELL,-34.17664251069074,147.71422570537965
MORANS CROSSING,-36.666620736872126,149.6522977338998
MOREE,-29.32550771003975,149.81739245034817
MORISSET,-33.11765861452254,151.4911113159117
MORISSET PARK,-33.121402087269516,151.5332381591653
MORNING BAY,-33.62486727632668,151.28241026265664
MORORO,-29.337267201982183,153.20156255169616
MORPETH,-32.72981325757998,151.6311559061341
MORTDALE,-33.96955221224752,151.0718606625559
BELMONT NORTH,-33.017001231243434,151.67224757309347
MORTLAKE,-33.84096741180052,151.10613615239657
MORTON,-35.41303833272971,150.31059242288413
MORTONS CREEK,-31.390744236230656,152.67086336884725
MORTS ESTATE,-33.4677477780144,150.16776017241975
MORUNDAH,-35.00848709220389,146.22736370007794
MORUYA,-35.90731640527782,150.0927996379272
MORUYA HEADS,-35.92631157916979,150.1400749427431
MORVEN,-29.41043051855136,152.16376487075001
MORVEN,-35.65153318229948,147.15480416401715
BELMONT SOUTH,-33.05336017657476,151.6610034420833
MOSMAN,-33.82900214473158,151.2445465584417
MOSS VALE,-34.5505803539343,150.39643497211256
MOSSGIEL,-33.31052216198955,144.57675450976973
MOSSY POINT,-35.83160814504259,150.1775786636775
MOTO,-31.827749195561175,152.5637115076216
MOULAMEIN,-34.996316292870425,144.1407697946717
MOUNT ADRAH,-35.21574691822803,147.90150555897173
MOUNT ANNAN,-34.06601016281547,150.76231347890965
MOUNT AQUILA,-32.83257926910532,149.17563738852002
MOUNT ARTHUR,-32.55140791462556,148.90002011309934
BELMORE,-33.9191262932655,151.08947031567527
MOUNT AUSTIN,-35.13685855582876,147.3556322164848
MOUNT BURRELL,-28.500496598549287,153.19408725493489
MOUNT COLAH,-33.666790166157696,151.12811226717963
MOUNT COLLINS,-34.03324366625078,148.78736971628808
MOUNT COOPER,-36.6526389091584,149.2034948898808
MOUNT DARRAGH,-36.84773603148247,149.57726263777087
MOUNT DAVID,-33.84294133314902,149.60999194581194
MOUNT DEE,-32.74206659982394,151.53959619245063
MOUNT DRUITT,-33.76846919619312,150.81580713854788
MOUNT ELLIOT,-33.40502519953211,151.38576504283358
BELMORE RIVER,-31.09133362066989,152.96554218200984
MOUNT FAIRY,-35.18856582155786,149.60705122419938
MOUNT FOSTER,-31.190825027237302,147.56763735924915
MOUNT FROME,-32.620895723358515,149.66413471953487
MOUNT GEORGE,-31.86749367402218,152.1998560483033
MOUNT HARRIS,-31.28157762193108,147.66615610332607
MOUNT HOPE,-32.763067049726594,145.90886098511234
MOUNT HOREB,-35.2148160136484,148.03738750336137
MOUNT HUNTER,-34.099222295264425,150.61203356179885
MOUNT HUTTON,-32.97890562892306,151.6706683018549
MOUNT IRVINE,-33.48554265038773,150.45947654265834
BELOKA,-36.54850276173365,148.71054395025334
MOUNT KEIRA,-34.40315922334745,150.85214106993084
MOUNT KEMBLA,-34.4296003903336,150.82173854843194
MOUNT KINGIMAN,-35.33902831157325,150.34198496829427
MOUNT KNOWLES,-32.6238459448209,149.71418365375922
MOUNT KURING-GAI,-33.64639187829793,151.13632637650292
MOUNT LAMBIE,-33.462870183006295,149.99242482345335
MOUNT LEWIS,-33.91558817666607,151.04949272256704
MOUNT LINDSEY,-34.45199189468905,150.57020428927027
MOUNT MARSDEN,-32.93617200841931,150.0503447013062
ALDAVILLA,-31.074168922442976,152.7620339326562
BELOWRA,-36.10379166108084,149.68437885340612
MOUNT MARSH,-29.268286165605314,152.863665081576
MOUNT MITCHELL,-29.943422332472768,151.84210283761888
MOUNT MURRAY,-34.54977280223747,150.6350961877176
MOUNT OLIVE,-32.40716894851281,151.22452606196927
MOUNT OLIVE,-33.60522620658416,149.9339904095471
MOUNT OUSLEY,-34.40066635163399,150.8803774253283
MOUNT PANORAMA,-33.45121167453263,149.55259658078305
MOUNT PLEASANT,-34.39583779419595,150.86784419140844
MOUNT PRITCHARD,-33.902929793224565,150.9031713547793
MOUNT RANKIN,-33.295519183499074,149.4836760461098
BELROSE,-33.72181003464963,151.21098475639346
MOUNT RIVERS,-32.365787334798505,151.47274961469566
MOUNT RIVERVIEW,-33.72827115450324,150.63715225749678
MOUNT ROYAL,-32.21054844095083,151.29200713777502
MOUNT RUSSELL,-29.659110891952892,150.93860450972565
MOUNT SAINT THOMAS,-34.44097488905839,150.87203517960722
MOUNT SEAVIEW,-31.365890173561436,152.19805391820276
MOUNT TENANDRA,-31.200297018160374,148.76498423844674
MOUNT THORLEY,-32.643715889736505,151.1147527159155
MOUNT TOMAH,-33.54249270518092,150.42235212141625
MOUNT VERNON,-33.860302865008904,150.81008652861533
BEMBOKA,-36.60523217058467,149.5634706048344
MOUNT VICTORIA,-33.576315697808354,150.2473247701217
MOUNT VIEW,-32.84815498174472,151.2674441243252
MOUNT VINCENT,-32.93001195487895,151.47505131784683
MOUNT WARNING,-28.38974421039258,153.2759927021916
MOUNT WARRIGAL,-34.549845658295304,150.84279694209664
MOUNT WERONG,-34.09167958998874,149.94506769189346
MOUNT WHITE,-33.4496259314723,151.18848621649767
MOUNT WILSON,-33.50403471267135,150.38832572844336
MOUNTAIN CREEK,-35.77938261690934,147.14392138635827
MOUNTAIN LAGOON,-33.43759322747333,150.62628009919715
MOUNTAIN TOP,-28.617118876973016,153.17968845220815
MOUNTAIN VIEW,-29.58658633048314,152.93434784545397
MOWBRAY PARK,-34.15481599531066,150.55018934492512
MOZART,-33.82297053185485,149.82983642744315
MUDGEE,-32.61445968347228,149.57332844424215
MULBRING,-32.8963869948383,151.47819519575398
MULGOA,-33.826913161089465,150.64299872484315
BEN BULLEN,-33.230472469251374,150.03613938818742
MULGRAVE,-33.627112754454146,150.8297928659864
MULGUTHRIE,-33.178189581056216,147.37226040098773
MULI MULI,-28.418238567499568,152.58338476867954
MULLA,-31.820803144597242,147.33968511484753
MULLA CREEK,-31.143236756053557,151.1778385621574
MULLALEY,-31.15021830798994,149.91106043412228
MULLAMUDDY,-32.68709315530938,149.66862790317194
MULLAWAY,-30.081167977354845,153.19626284373177
MULLENGANDRA,-35.89724788332862,147.18218326932663
MULLENGUDGERY,-31.71176045546764,147.4802352195442
BEN LOMOND,-30.009432788368485,151.65059496099462
MULLION,-35.143603365473936,148.87505705043486
MULLION CREEK,-33.08794525684348,149.18340419958216
MULLOON,-35.29818493307124,149.60881108035335
MULLUMBIMBY,-28.546936431200827,153.49698164960574
MULLUMBIMBY CREEK,-28.552280365755596,153.44549125741747
MULWALA,-35.92379494670684,146.0480707951287
MULYANDRY,-33.56267332080231,148.16419617465843
MUMBIL,-32.71887973965677,149.0782157816899
MUMBLEBONE PLAIN,-31.497237482600717,147.64950412714677
MUMBULLA MOUNTAIN,-36.53556230508673,149.89064242731212
BENANDARAH,-35.62651366356269,150.21879804753857
MUMMEL,-34.66300742365956,149.56634813234547
MUMMULGUM,-28.8701459046675,152.79164253454027
MUNDAMIA,-34.88840020830529,150.5614903209287
MUNDARLO,-35.124740697380126,147.81999024106273
MUNDEROO,-35.848470939305216,147.82669081712535
MUNDONGO,-35.290736036909955,148.28048936183782
MUNGAY CREEK,-30.904328580321838,152.67524230236353
MUNGHORN,-32.38808470914592,149.82551046747486
MUNGINDI,-29.019431081787978,149.0820434541356
MUNGO,-33.76012765664917,143.09709212525055
MUNGO BRUSH,-32.50359189903632,152.33878367277697
MUNNI,-32.317980002836585,151.67102237885842
MUNYABLA,-35.45788118533982,146.91399463647113
MURGA,-33.35264685509044,148.5316988677342
MURRAH,-36.519758666692844,149.98385150201767
MURRAMI,-34.40709304986915,146.2610985652954
MURRAWOMBIE,-31.180952546587484,147.2241889818537
MURRAY DOWNS,-35.30882478611427,143.6445002977104
MURRAY GORGE,-36.444055392522586,148.10809280555944
MURRAYS BEACH,-33.11864874808276,151.62306633135523
BENDALONG,-35.229881935329985,150.50006144137348
MURRENGENBURG,-35.5352257383623,149.98505017470828
MURRIN BRIDGE,-33.20668355484954,146.37088842570336
MURRINGO,-34.28985147894489,148.54818022303243
MURRULEBALE,-34.705923024489834,147.41223009489343
MURRUMBATEMAN,-34.97431727660531,149.0291217356282
MURRUMBO,-32.39028698048232,150.24110234387672
MURRUMBUCCA,-36.10077049394077,149.05344838696192
MURRUMBURRAH,-34.54625149626081,148.3227676516887
MURRURUNDI,-31.776130181707725,150.8251528685524
BENDEMEER,-30.80339571215435,151.17672250413688
MURULLA,-31.836187196260703,150.86884033287933
MURWILLUMBAH,-28.33225705833624,153.38275467296725
MUSCLE CREEK,-32.27670847446347,151.0090715890379
MUSWELLBROOK,-32.31409046390577,150.90827014055662
MUTAWINTJI,-31.122531213459613,142.3861404351666
MUTTAMA,-34.80204373760661,148.13429508438568
MYALL CREEK,-29.778237651837856,150.72653715808735
MYALL LAKE,-32.42501376758796,152.38676040127046
MYALL PARK,-34.106322761973104,146.13550419483096
MYALLA,-36.447563696248245,149.10638010745248
ALECTOWN,-32.91427482507213,148.26801417183808
BENDICK MURRELL,-34.18086385148761,148.44958938847216
MYLESTOM,-30.471702421112948,153.038188373942
MYLNEFORD,-29.617654582151232,152.84186622708842
MYOCUM,-28.59595647172847,153.50613973016831
MYOLA,-35.02264321378319,150.67641963934838
MYRTLE CREEK,-29.14940449979663,153.0204496675495
MYRTLE MOUNTAIN,-36.85126655520434,149.68728414022374
MYRTLE PARK,-35.547378827641886,145.44389061127282
MYRTLEVILLE,-34.46802273086923,149.8262884750758
MYSTERY BAY,-36.31051939441417,150.12616510551092
MYUNA BAY,-33.05564702587636,151.53815273825433
BENDOLBA,-32.349965272098544,151.72933674250478
NABIAC,-32.119851253545164,152.39563100764263
NADGEE,-37.36617581267547,149.86011246209864
NAMBUCCA HEADS,-30.646871075069033,152.98436689257016
NAMOI RIVER,-30.590053058116165,150.8152065533117
NANA GLEN,-30.130439933773367,153.0103996427054
NANGUS,-35.02165973578399,147.9292972221518
NANIMA,-35.01581549545355,149.12990082191806
NAPIER LANE,-31.236298953494813,149.53386070692707
NAPOLEON REEF,-33.38870648827979,149.75021654165974
BENDOURA,-35.54087518412269,149.67975146221835
NARADHAN,-33.64509471033085,146.32119354122446
NARARA,-33.39581053193951,151.33533312728719
NARELLAN,-34.042762623415406,150.73217005434907
NARELLAN VALE,-34.052846979721295,150.7447174226356
NAREMBURN,-33.81696953201766,151.20075716069297
NAROOMA,-36.23755219419927,150.05068182930384
NARRABARBA,-37.21871489482563,149.77203380439352
NARRABEEN,-33.71564709252406,151.28865607832665
NARRABRI,-30.219889486459156,149.770957743599
NARRABURRA,-34.3287379167156,147.6175572208439
BENEREMBAH,-34.43044698256274,145.84519702128617
NARRAN LAKE,-29.836961307442735,147.3208241310962
NARRANDERA,-34.677421994458655,146.59492699012733
NARRANGULLEN,-35.02111865662448,148.72780880600803
NARRAWA,-34.41693637847326,149.17243976851526
NARRAWALLEE,-35.312364270160764,150.46368668831792
NARRAWEENA,-33.749409174313044,151.27318334612875
NARROMINE,-32.30129719854799,148.0963539572845
NARWEE,-33.94655914628347,151.06932613640222
NASHDALE,-33.30311479456679,149.0074707429562
NASHUA,-28.727239935599293,153.46499617183878
BENGALLA,-32.28655581156977,150.82164747242302
NATTAI,-34.060424463694105,150.44786769097587
NAUGHTONS GAP,-28.800600072248045,153.10072297267706
NEATH,-32.822484822480135,151.41558619263236
NEBEA,-30.891578668669244,148.56241967096244
NEILREX,-31.739464659495248,149.38682936810605
NELLIGEN,-35.66679244223163,150.10020706376278
NELSON,-36.66770596857463,149.95828184263203
NELSON,-33.64628980775098,150.9213723461648
NELSON BAY,-32.73548664794036,152.13909344905653
NELSONS PLAINS,-32.72188131714036,151.71962540363663
NELUNGALOO,-33.180356003828,147.9807573596467
NEMINGHA,-31.11713213107402,151.0050745012548
NERICON,-34.17807299286877,146.03552231310417
NERINGLA,-35.72657252169467,149.77462302333282
NERONG,-32.53175455151532,152.17688939279657
NERRIGA,-35.096741696869536,150.0699444012976
NERRIGUNDAH,-36.13181361522888,149.84847899756167
NETHERCOTE,-37.025095615396026,149.80109699764878
NEUREA,-32.684742092341416,148.92684820336385
NEUTRAL BAY,-33.83479878999215,151.21794754259352
BENNETTS GREEN,-32.99960769545242,151.6981977212184
NEVER NEVER,-30.35583077671993,152.81939318988162
NEVERTIRE,-31.862317163511584,147.64314379623366
NEVILLE,-33.738260113376306,149.19452101639044
NEW BERRIMA,-34.50844358997243,150.3340686768364
NEW BRIGHTON,-28.51963504271255,153.55044852194536
NEW BUILDINGS,-36.96114696921553,149.5591499104911
NEW ITALY,-29.143664856009373,153.29781912260052
NEW LAMBTON,-32.92774215384764,151.70945468275576
NEW LAMBTON HEIGHTS,-32.92656783784789,151.68937937765244
NEW MEXICO,-30.731274049981664,150.61423140868447
NEW PARK,-28.600396243858434,152.9943752669986
NEW VALLEY,-30.055799941706635,151.33243178871666
NEWBOLD,-29.519045860954083,152.69599511469775
NEWBRIDGE,-33.58089856393389,149.374188440944
NEWCASTLE,-32.91932105593599,151.779517877402
NEWCASTLE EAST,-32.92664041575689,151.78984809750574
NEWCASTLE WEST,-32.928278604699294,151.76075924027077
NEWEE CREEK,-30.631607995715388,152.92734880926855
NEWINGTON,-33.838685000550434,151.0547841816713
BENSVILLE,-33.498130756660686,151.3922293648554
NEWNES,-33.18850515187815,150.25522787102526
NEWNES PLATEAU,-33.325363030716716,150.27243380201293
NEWPORT,-33.65659463820004,151.31523174921048
NEWRYBAR,-28.726552650269998,153.54875958293547
NEWSTEAD,-29.823672981566297,151.3858081263216
NEWTON BOYD,-29.729921912483324,152.32314783662576
NEWTOWN,-33.89860382204671,151.17934588869682
NIAGARA PARK,-33.37754549923766,151.35146369442114
NIANGALA,-31.44339438065133,151.45350820436394
NIEMUR,-35.23778066605116,144.3078519943567
BENTLEY,-28.741915773447317,153.097011174507
NIGHTCAP,-28.551950105869064,153.29363229948217
NIMBIN,-28.5802228804178,153.23809600155678
NIMMITABEL,-36.50139465991351,149.2836413177822
NIMMO,-36.17872539939324,148.6276235384291
NOBBYS CREEK,-28.294028423367152,153.33875474192868
NOMBI,-31.187581158877585,149.7614894752705
NOONA,-31.592242306102126,144.79428258937116
NOORONG,-35.3498911572257,144.0221776025303
NOOROO,-32.3770790963987,151.88216762238486
NORAH HEAD,-33.284408784371365,151.56258857094616
ABBOTSFORD,-33.8506144569104,151.12928263767748
ALEXANDRIA,-33.909862448885384,151.1928183448332
BERALA,-33.874417798060286,151.03372126023308
NORAVILLE,-33.269913964068394,151.555712688786
NORDS WHARF,-33.144979555827526,151.60701266377563
NORMANHURST,-33.72380705804,151.09599024378798
NORTH ALBURY,-36.060216761188755,146.93657592767485
NORTH ARM,-28.32962848066509,153.3404869152023
NORTH ARM COVE,-32.6179171517099,152.05028247410596
NORTH AVOCA,-33.45652130134088,151.4346001483708
NORTH BALGOWLAH,-33.78688140274696,151.25129452376902
NORTH BATEMANS BAY,-35.6861063407902,150.1900896158496
NORTH BOAMBEE VALLEY,-30.309463748792563,153.07101073680545
BERAMBING,-33.53507296633927,150.4492181544786
NORTH BONDI,-33.88459360230232,151.27837949365804
NORTH BROTHER,-31.657370066082144,152.77319307719355
NORTH CASINO,-28.798528710974978,153.0626507755049
NORTH CURL CURL,-33.763170156420436,151.29072505840244
NORTH DORRIGO,-30.267067065433636,152.68076966832905
NORTH EPPING,-33.75867228678062,151.09409963572668
NORTH GOSFORD,-33.41804726448808,151.35448307352266
NORTH HARBOUR,-33.813156806793245,151.276356122635
BERESFIELD,-32.803559621996634,151.64072789105686
NORTH HAVEN,-31.63363452992405,152.81363606431705
NORTH LAMBTON,-32.90396307211109,151.70431174255322
NORTH LISMORE,-28.78714443518857,153.28173459616121
NORTH MACKSVILLE,-30.689535316033986,152.94362565967398
NORTH MANLY,-33.77434695730905,151.27254760618501
NORTH NAROOMA,-36.20902819841401,150.09927287359818
NORTH NARRABEEN,-33.703493734789106,151.29040954463815
NORTH NOWRA,-34.85801339527453,150.57447429535654
NORTH PARRAMATTA,-33.79529508426338,151.0121754660532
BERGALIA,-35.97852112863592,150.09481145409143
NORTH RICHMOND,-33.56781297903203,150.72129162867722
NORTH ROCKS,-33.77254353408663,151.0169258323664
NORTH ROTHBURY,-32.690927477384676,151.34889025134953
NORTH RYDE,-33.79667861767449,151.12949825370745
NORTH SHORE,-31.38362796327526,152.90829953577997
NORTH ST MARYS,-33.75492393689108,150.78434891933122
NORTH STAR,-28.94196063056328,150.4173548085244
NORTH STRATHFIELD,-33.8592299587409,151.0886916165192
NORTH SYDNEY,-33.836585344543,151.20870851851132
NORTH TAMWORTH,-31.062668493614318,150.92850529603479
BERKELEY,-34.47865642826394,150.8431964637807
NORTH TUMBULGUM,-28.260574057150556,153.4693392376729
NORTH TURRAMURRA,-33.68823119514718,151.15326930300603
NORTH WAGGA WAGGA,-35.095598829398,147.38811791168297
NORTH WAHROONGA,-33.69771440397989,151.13112342517894
NORTH WILLOUGHBY,-33.795265600888584,151.2004631528245
NORTH WOLLONGONG,-34.40681668396973,150.89555808074712
NORTH WOODBURN,-29.060314189507924,153.34680262946762
NORTH YALGOGRIN,-33.83024143020181,146.8481058874255
NORTH YEOVAL,-32.72303101530905,148.6732145274919
NORTHANGERA,-35.46917513003578,149.9117199162997
BERKELEY VALE,-33.33836302107334,151.4288510601375
NORTHBRIDGE,-33.81084813256909,151.21800385099806
NORTHMEAD,-33.78728702494602,150.994152018749
NORTHWOOD,-33.828299316650245,151.17835000982714
NORWAY,-33.771375594304644,149.79527329714497
NOWENDOC,-31.459897550194462,151.74467524364775
NOWLEY,-29.98733676903638,149.1383684170983
NOWRA,-34.88200644287941,150.60572474887832
NOWRA HILL,-34.932045534274046,150.56393265490686
NUBBA,-34.51260187804764,148.2397255196498
BERKSHIRE PARK,-33.67281338737968,150.77520544616198
NULKABA,-32.80193569109639,151.3610231211652
NULLAMANNA,-29.62410408815941,151.2354857697724
NULLICA,-37.06702584298913,149.77043397367592
NULLO MOUNTAIN,-32.69409958684611,150.22597139410618
NUMBAA,-34.87642166291418,150.68217445481443
NUMBER ONE,-31.72092684607984,152.0566253358207
NUMBLA VALE,-36.618945289349455,148.79566249793095
NUMBUGGA,-36.62787892404924,149.71945119945744
NUMERALLA,-36.183517965621824,149.35486051555597
NUMINBAH,-28.263309479132296,153.26493388180802
BERLANG,-35.67982510444242,149.6855219512772
NUMULGI,-28.723892838518164,153.32800727843107
NUNDERI,-28.32208282026062,153.4596838039158
NUNDLE,-31.458612582039162,151.1126639996187
NUNGATTA,-37.2029708510033,149.41820369027138
NUNGATTA SOUTH,-37.28028279146125,149.45402233167906
NURENMERENMONG,-35.79652082545082,148.2924693484659
NYMAGEE,-32.13714306939483,146.07470345438765
NYMBOIDA,-29.951998441180077,152.68030199666603
NYNGAN,-31.544657425886815,147.1731123077593
NYORA,-35.535272975879906,145.97598175799706
BERMAGUI,-36.431660766070436,150.03953203268304
NYRANG CREEK,-33.53398530751362,148.53987969179607
O'CONNELL,-33.55443276968159,149.73767701486062
OAK FLATS,-34.56234390592749,150.82191712419268
OAKDALE,-34.07815332230848,150.50662339425915
OAKHAMPTON,-32.70271165928751,151.55738039953653
OAKHAMPTON HEIGHTS,-32.70903229598101,151.55034931741835
OAKHURST,-33.73880031796945,150.83832584271266
OAKLANDS,-35.51486387225791,146.12219504111744
OAKVILLE,-33.62271360103046,150.87356959459234
BEROWRA,-33.62868614593492,151.15118507491985
OAKWOOD,-29.641300014990968,151.06004712868074
OALLEN,-35.15759733868632,149.94682675274439
OATLANDS,-33.795791900783065,151.02686354956148
OATLEY,-33.98387296093963,151.07346178787816
OBAN,-30.102239190580068,151.86492936105103
OBANVALE,-32.51439998573354,151.15956379366062
OBERNE CREEK,-35.435120907282325,147.84943382996525
OBERON,-33.69130882314432,149.84955772746494
OBLEY,-32.69191854868935,148.4642482693126
ALFORDS POINT,-33.985733380217205,151.02516321432347
BEROWRA CREEK,-33.54620871437302,151.13870900424715
OCEAN SHORES,-28.50989609660641,153.53406380943812
OGUNBIL,-31.35330193715838,151.29481833007404
OLD ADAMINABY,-36.04017411230738,148.69371669576964
OLD BAR,-31.961505944469586,152.5632202974599
OLD BONALBO,-28.644976014334112,152.5937161377695
OLD EROWAL BAY,-35.08811377065877,150.64963159415416
OLD GREVILLIA,-28.446163215238645,152.88020553088685
OLD GUILDFORD,-33.86425216756347,150.98394389972742
OLD JUNEE,-34.81500686965774,147.49530635093737
BEROWRA HEIGHTS,-33.603894710462995,151.13562923673354
OLD MILL,-29.898584390083894,151.19887989653097
OLD STATION,-31.05484525963504,152.91501839458314
OLD TOONGABBIE,-33.78799890137796,150.96999531797476
OLINDA,-32.81725849600726,150.14517150557242
OLNEY,-33.033626269282955,151.31311471319472
OMADALE,-31.881186154322336,151.3106149672311
ONE MILE,-32.76412865973666,152.11613244950118
ONE TREE,-34.16593457535043,144.84386667784833
OOLONG,-34.79225674324479,149.1745632925924
OOMA,-33.63688588265702,148.0547316070537
BEROWRA WATERS,-33.60227077752369,151.12100175780225
OOTHA,-33.08999160179861,147.46076058659565
OPHIR,-33.136880496569255,149.2458281362488
ORAN PARK,-33.992565735344364,150.74267751638274
ORANGE,-33.25302559631446,149.07240381771408
ORANGE GROVE,-30.936636697349307,150.41331922390836
ORANGEVILLE,-34.02981059458952,150.59484231520022
ORCHARD HILLS,-33.808365894949375,150.73037154266186
ORIENT POINT,-34.911206087312955,150.7452027710979
ORTON PARK,-33.468523270843555,149.57299171899905
OSBORNE,-35.356076494227985,146.7339308066579
BERRAMBOOL,-36.88039460382537,149.90983545325935
OSTERLEY,-32.72286078472216,151.69803491138543
OSWALD,-32.69698145795393,151.42042426188618
OTFORD,-34.206857070842005,151.00237532535724
OURA,-35.08233565907348,147.59870911643813
OURIMBAH,-33.31306959082403,151.33411797733876
OURNIE,-35.942859717005085,147.84809355712932
OWENS GAP,-32.0548802686867,150.7038936373712
OXFORD FALLS,-33.73210372425286,151.2453887450527
OXLEY,-30.981977977232543,147.62058230052443
OXLEY,-34.029653626765715,144.05964484107378
BERRARA,-35.20554680852303,150.54920924917133
OXLEY ISLAND,-31.915797335097892,152.56948312530506
OXLEY PARK,-33.77079405065428,150.7952776241718
OXLEY VALE,-31.051797965045697,150.88475259286363
OYSTER BAY,-34.002626550115444,151.08165572998774
OYSTER COVE,-32.74378747446537,151.95345650199408
PACKSADDLE,-30.441972899443204,142.17051245644504
PADDINGTON,-33.88380692769993,151.22839410695437
PADDYS FLAT,-28.6952124624398,152.42905936780986
PADDYS FLAT,-37.03749099230601,149.3357465896126
PADDYS RIVER,-35.76007807437664,148.1716041337098
BERREMANGRA,-34.80200220158033,148.47829967682188
PADDYS RIVER,-34.627642164106724,150.12702211019766
PADSTOW,-33.950679793958656,151.03224920343854
PADSTOW HEIGHTS,-33.97049454066335,151.03322810372828
PAGANS FLAT,-28.94675609321896,152.56767989775736
PAGES CREEK,-31.711278350196288,151.21406330586169
PAGES RIVER,-31.80639013631865,150.75452959305017
PAGEWOOD,-33.93799389238101,151.21722647579952
PALARANG,-36.828525687990854,149.11737027352487
PALERANG,-35.42902101073581,149.56717806852689
PALING YARDS,-34.11538639739654,149.73212952982723
BERRICO,-32.087199499620155,151.79948183141016
PALLAL,-29.97378109550224,150.4433102457241
PALLAMALLAWA,-29.39410602794797,150.17328641659606
PALM BEACH,-33.598012713205485,151.32571577805
PALM GROVE,-33.31839147329332,151.3036980651812
PALMDALE,-33.32947939123349,151.36822929851553
PALMERS CHANNEL,-29.469375258520774,153.272308353891
PALMERS ISLAND,-29.42259766358604,153.2943353968086
PALMERS OAKY,-33.195118091905734,149.86229270514937
PALMVALE,-28.373066155021835,153.48765567985134
PALMWOODS,-28.51411595038909,153.40597984480982
BERRIDALE,-36.383450276578415,148.81979655142254
PAMBULA,-36.93048341768859,149.87740092315016
PAMBULA BEACH,-36.94511565744442,149.89755767390727
PAMPOOLAH,-31.93695920642863,152.51025458671043
PAN BAN,-33.056315088507525,143.20731030086225
PANANIA,-33.95379429439459,150.9972130333724
PANGEE,-32.010881507093394,146.76787579241454
PANUARA,-33.515517570866905,148.9373251970578
PAPPINBARRA,-31.356969951170562,152.47751258297725
PARADISE,-29.889460783283287,151.47069281797712
PARKES,-33.100294486228755,148.27293405746116
BERRIGAL,-29.96557013295785,150.11465389891117
PARKESBOURNE,-34.76217564656999,149.54430476015776
PARKLEA,-33.725110022455844,150.9163765755821
PARKVILLE,-31.9704806539247,150.8822522828271
PARMA,-34.967644644576175,150.54461125508558
PARRAMATTA,-33.81396454931891,151.00687684559617
PARRAWEENA,-31.72977150533805,150.43456456567108
PATCHS BEACH,-28.94768638635242,153.50987878601023
PATERSON,-32.59069098268804,151.60406429295634
PATONGA,-33.54956820587436,151.27942511845157
PAUPONG,-36.650672900425526,148.6734215494364
BERRIGAN,-35.64568053578182,145.82785172486703
PAXTON,-32.90392357251552,151.28468032449405
PAYNES CROSSING,-32.90246371388772,151.03279894365232
PEACOCK CREEK,-28.673898301723483,152.69953436596057
PEAK HILL,-32.71163211219001,148.05035988082625
PEAK VIEW,-36.031674017346845,149.39945428263022
PEAKHURST,-33.96144552488238,151.05565581676834
PEAKHURST HEIGHTS,-33.9758967968522,151.05486516087035
PEARCES CREEK,-28.77202373972503,153.44799667717254
PEARL BEACH,-33.54215199050777,151.3055807519418
PEATS RIDGE,-33.34454031084017,151.23149528306652
ALFREDTOWN,-35.15324756119683,147.54120533817974
BERRILEE,-33.6102787320239,151.10499741210057
PEBBLY BEACH,-35.59942886099314,150.33286715486523
PEEL,-33.295501217102085,149.6456761573197
PEELWOOD,-34.11224871303474,149.4308376107213
PEJAR,-34.53358440525107,149.53658487159004
PELAW MAIN,-32.837810158378765,151.48150482469913
PELICAN,-33.070983807293985,151.6445401499001
PELTON,-32.87950913135837,151.31386351040626
PEMBROOKE,-31.37397593277764,152.7511846501622
PEMULWUY,-33.82053223213368,150.924358398654
PENDLE HILL,-33.804084654574694,150.9559092456059
BERRIMA,-34.472060603627874,150.33278393296933
PENNANT HILLS,-33.73846228290566,151.07412563134864
PENRITH,-33.745408719389815,150.69362402375816
PENROSE,-34.66378411816654,150.2116981394314
PENSHURST,-33.963930015746925,151.08612492604527
PERICOE,-37.06142769283872,149.5782580559951
PERRYS CROSSING,-33.16401067227142,150.9783730405412
PERTHVILLE,-33.496075616190396,149.54979368568732
PETERSHAM,-33.8945507814692,151.1550321584449
PHEASANTS NEST,-34.269726966611785,150.63266327116543
BERRINGER LAKE,-35.25098578454845,150.50415483660217
PHEGANS BAY,-33.48790637061615,151.30884188031283
PHILLIP BAY,-33.978933321624176,151.23256530887062
PHOENIX PARK,-32.71256219695878,151.63219225496758
PIALLAMORE,-31.14603953948601,151.06627245991265
PIALLAWAY,-31.13577906832637,150.52912375319116
PIAMBONG,-32.50110843161109,149.42182783458225
PICKETTS VALLEY,-33.4560711974389,151.4085909454285
PICNIC POINT,-33.97388840158792,151.0060525311456
PICTON,-34.170953400969616,150.603167116362
PIGEONBAH,-31.540742373764534,148.08156282543635
BERRY,-34.79254287491239,150.7268313158963
PIGGABEEN,-28.198174036724257,153.43716007860624
PIKAPENE,-29.048868597339723,152.6549136914555
PILLAR VALLEY,-29.701595033842295,153.16199126825424
PILLIGA,-30.38391949192932,148.80031573160971
PILOT WILDERNESS,-36.67818873439519,148.20825698143395
PIMLICO,-28.89244647642992,153.49676641049703
PIMLICO ISLAND,-28.917419236721916,153.49438547274173
PINBEYAN,-35.70555726281421,148.3972361361648
PINDAROI,-29.468684177175223,151.27595959524456
PINDIMAR,-32.65784010108077,152.0910185900327
BERRY JERRY,-34.706832314687276,147.24651775037896
PINE CLUMP,-31.43432343752428,148.15222039968288
PINE GROVE,-30.89103192343499,148.68683001547626
PINE LODGE,-35.66137559059338,145.43155660018735
PINE RIDGE,-31.525197580577498,150.39901092206568
PINE VALLEY,-36.2491692962403,149.06253254176173
PINEY RANGE,-33.86103672454084,147.94173830889088
PINKETT,-29.892158071156537,151.9618074223
PINNACLE,-33.740029409873756,147.94307877117683
PINNACLE SWAMP,-32.77385834349541,149.913630868093
PINNY BEACH,-33.11801816410192,151.6356541092901
BERRY MOUNTAIN,-34.76569146784348,150.64959447301592
PIORA,-28.859449503707914,152.88647125827154
PIPECLAY,-31.439052004487202,152.5581268307303
PITNACREE,-32.73272805045764,151.59018206472533
PITT TOWN,-33.582968188649104,150.86969188517668
PITT TOWN BOTTOMS,-33.58586014024848,150.8460685603597
PITTWATER,-33.62075019190973,151.30386982706653
PLEASANT HILLS,-35.47161473667808,146.78570024251988
PLEASURE POINT,-33.9699834635881,150.98422781038096
PLUMPTON,-33.75190952667804,150.83704653904007
POINT CLARE,-33.4395276554511,151.32180517351443
BERRY PARK,-32.74371408554301,151.65760726419177
POINT FREDERICK,-33.443104952807765,151.34086567756725
POINT PIPER,-33.867393006652385,151.2516208951755
POINT WOLSTONCROFT,-33.11940658937087,151.58427970171257
POINTER MOUNTAIN,-35.22989058883678,150.36327765770173
POKOLBIN,-32.764878134564945,151.2802018881616
POLA CREEK,-31.05444466276493,152.87405134053253
POLO FLAT,-36.23155263526848,149.15078145545473
POMEROY,-34.687803124450554,149.52621696730463
PONTO,-32.479908982999696,148.78470130979437
POONCARIE,-33.42230615512346,142.4198386681655
BERTHONG,-34.38899484329283,148.09556763514055
PORT BOTANY,-33.975866789045625,151.21645911102368
PORT KEMBLA,-34.47054233314793,150.89533275942406
PORT MACQUARIE,-31.454905028758407,152.89308640684098
PORT STEPHENS,-32.69903066220911,152.0604982737365
PORTERS CREEK,-35.25819550245942,150.32515236462913
PORTERS RETREAT,-34.00371512576598,149.7746140766708
PORTLAND,-33.35656013716283,149.97298642017319
POSSUM BRUSH,-32.03515881499111,152.39268238977692
POSSUM CREEK,-28.671239434486253,153.49368540386735
POTATO POINT,-36.089490997613375,150.12172552261572
BERYL,-32.31686228998794,149.44992978052042
POTTERY ESTATE,-33.48724312320794,150.15623134205512
POTTS HILL,-33.89275800840481,151.03242655040137
POTTS POINT,-33.867440828622705,151.2254468402937
POTTSVILLE,-28.38775099822388,153.55808901877234
PRAIRIEWOOD,-33.86325891611367,150.90518457624296
PREMER,-31.47383699965493,149.92402660256465
PRESTONS,-33.94173033212369,150.87208762655587
PRETTY BEACH,-35.57775349128851,150.35232580647653
PRETTY BEACH,-33.52580256720416,151.34804200516504
PRETTY PINE,-35.38852984165049,144.843233779486
BETHUNGRA,-34.75697161951505,147.841625568623
PRIMBEE,-34.506684167526714,150.88256878525857
PRIMROSE VALLEY,-35.489828782459206,149.38847315751545
PROSPECT,-33.81289621756066,150.90017295415052
PROVIDENCE PORTAL,-35.94974988675664,148.6152541106067
PUCAWAN,-34.40050868359417,147.38673363499808
PUDDLEDOCK,-30.385822418014712,151.76093927749062
PULGANBAR,-29.45208906751046,152.68029099248471
PULLABOOKA,-33.751567316801236,147.7802768234354
PULLETOP,-35.481355649875525,147.38275616635076
PUMPENBIL,-28.37809711403523,153.14946424300302
ALICE,-29.053662648255763,152.58927860231043
BEVENDALE,-34.533053404182795,149.08698524232378
PUNCHBOWL,-33.928745140295234,151.05166097846777
PUNCHBOWL,-29.462927410576107,152.77216170701212
PURFLEET,-31.942799010127178,152.46731321710504
PURLEWAUGH,-31.358214800345813,149.61401703235734
PUTNEY,-33.82620381948866,151.1064141766341
PUTTA BUCCA,-32.575648185340285,149.58395512617645
PUTTY,-32.90038580835083,150.6499040648894
PYANGLE,-32.61938238825666,149.93327782343934
PYMBLE,-33.744593611166444,151.14036306485053
PYRAMUL,-32.92884961095978,149.60980957847843
BEVERLEY PARK,-33.9780181816768,151.13182834860024
PYREE,-34.91724003260443,150.69397240348638
PYRMONT,-33.86916174251523,151.1934773985336
QUAAMA,-36.46581620781432,149.88611467838405
QUAKERS HILL,-33.72843259781411,150.88902211100887
QUAMBONE,-30.887599304068786,147.87935737086943
QUANDA,-31.102371674047376,148.74033064895036
QUANDARY,-34.37221927424803,147.32384721588886
QUANDIALLA,-34.01583061130467,147.7747192747238
QUEANBEYAN,-35.3530395877964,149.23089606037297
QUEANBEYAN EAST,-35.345598351346354,149.24644740570417
BEVERLY HILLS,-33.94762533053426,151.080308431511
QUEANBEYAN WEST,-35.35810672620936,149.20703354658548
QUEENS PARK,-33.899410050089415,151.24712854837375
QUEENS PINCH,-32.74354864579125,149.6892323850734
QUEENSCLIFF,-33.78289179002052,151.28540348138134
QUIALIGO,-34.93639727008983,149.7675993778157
QUIDONG,-36.93606641311194,149.0451407270592
QUIERA,-34.932440310169234,150.1954390578875
QUIPOLLY,-31.415962638321936,150.6948508040557
QUIRINDI,-31.49593580768452,150.63223045381548
QUORROBOLONG,-32.93518579718373,151.38182021464328
BEWONG,-35.07886347227684,150.53345291503476
RABY,-34.01843959221911,150.81748232223111
RAGLAN,-33.422063968798795,149.65314032132747
RAINBOW FLAT,-32.032268416671045,152.48874206019616
RAINBOW REACH,-30.927325241139496,153.00646990229032
RALEIGH,-30.45492947936375,152.99541009013055
RAMORNIE,-29.66233786584907,152.70648006591404
RAMSGATE,-33.982602129942045,151.13997395974826
RAMSGATE BEACH,-33.98219339220285,151.14605139030152
RAND,-35.575935163899715,146.52798268511899
RANDWICK,-33.91543757647603,151.2410603958491
BEXHILL,-28.75589117495353,153.35370414270278
RANGARI,-30.674495115869025,150.41622760344615
RANGERS VALLEY,-29.54220654756118,151.76198499284496
RANKIN PARK,-32.925500437750145,151.681838092741
RANKINS SPRINGS,-33.836654257840244,146.16411125975213
RANNOCK,-34.61300348318914,147.26780898406506
RAPPVILLE,-29.068458817374736,152.9483414921302
RATHMINES,-33.038553000423256,151.57924775518129
RAVENSDALE,-33.11363155990656,151.306624770583
RAVENSWOOD,-31.698668419396498,147.84458926623023
RAVENSWORTH,-32.42973075274379,151.0570963290112
BEXLEY,-33.953341347248276,151.12022236192917
RAWDON ISLAND,-31.419020718578885,152.78382289637568
RAWDON VALE,-31.99867525804043,151.71710503487154
RAWORTH,-32.72631503971742,151.60727545744754
RAWSONVILLE,-32.15663261499772,148.46611488161068
RAYMOND TERRACE,-32.76049821198826,151.76695142923123
RAZORBACK,-34.15236417295957,150.6530672240686
RED HEAD,-32.05708595431553,152.53562685749114
RED HILL,-35.15848685791469,148.37232637751896
BEXLEY NORTH,-33.941978252034225,151.11460778198548
RED HILL,-31.734545277400265,147.794364602856
RED RANGE,-29.790701084304704,151.91348908678512
RED ROCK,-29.999542065882103,153.21115136751882
RED ROCKS,-34.771293563842754,150.53097382350526
REDBANK,-31.424189608343944,152.73932371814846
REDBOURNBERRY,-32.564279980832104,151.19234034016017
REDDESTONE,-29.581968312531114,151.66619157672787
REDFERN,-33.89312305910191,151.20677917056736
REDHEAD,-33.00885378056731,151.71086814961245
REDLANDS,-35.92556807896416,146.33499845827728
BIALA,-34.595807601312046,149.26054672762282
REEDY CREEK,-32.46567242980103,151.3353836157345
REEDY SWAMP,-36.70091081392481,149.9030496521851
REEFTON,-34.228167828631655,147.3956940350772
REGENTS PARK,-33.883208086938446,151.02642462363784
REGENTVILLE,-33.771397959146405,150.66228618594792
REIDS FLAT,-34.13526633070712,148.98014736399367
REIDSDALE,-35.55396258385161,149.84012642319746
RENNIE,-35.81695321992657,146.13073794070417
REPENTANCE CREEK,-28.633644477576436,153.4044178205428
BIBBENLUKE,-36.81458682626738,149.31312918719914
REPTON,-30.441321079688862,153.03637472062715
RESERVE CREEK,-28.352085317208637,153.4918286314658
RETREAT,-30.610022467124644,151.06569524958473
REVESBY,-33.94639949830512,151.01321910911582
REVESBY HEIGHTS,-33.96982039865012,151.0194334998718
RHINE FALLS,-36.1754794380581,148.89810302874454
RHODES,-33.82923711271213,151.08771131224623
RICHLANDS,-34.33638193842705,149.79443605566618
RICHMOND,-33.604859732889174,150.75760805885866
BICKLEY VALE,-34.078504326572826,150.6609213116142
RICHMOND HILL,-28.788068537792892,153.3465554262204
RICHMOND LOWLANDS,-33.57904282132225,150.75292605372857
RICHMOND VALE,-32.8651632859225,151.4971863956696
RILEYS HILL,-29.0247685153065,153.39040923529168
RINGWOOD,-35.874781726765654,146.23797424161094
RIVERLEA,-32.68371872097269,149.73641517458745
RIVERSIDE,-31.396282305883283,152.86898793730342
RIVERSTONE,-33.67159796629399,150.85983528397517
RIVERTREE,-28.657227964345577,152.2659416261472
RIVERVIEW,-33.82398704124265,151.1601820688471
ALISON,-32.42856486565979,151.77251996580603
BIDDON,-31.559422892134034,148.78437848108413
RIVERWOOD,-33.94666591243843,151.05288081142965
RIXS CREEK,-32.52135973344245,151.13443045198082
ROB ROY,-29.71654351264503,151.0049016679917
ROBERTSON,-34.609040730642434,150.6005403499758
ROBIN HILL,-33.42291913491653,149.53282203385893
ROCK FLAT,-36.387867023230164,149.2097411571368
ROCK FOREST,-33.35744955826839,149.39146599457933
ROCK VALLEY,-28.7279411377255,153.16247727648636
ROCKDALE,-33.953220836902,151.14066289348543
BIDGEEMIA,-35.39437569540681,146.46170538680818
ROCKLEY,-33.699724038602895,149.54344166739727
ROCKLEY MOUNT,-33.55258245344457,149.55651451747488
ROCKTON,-37.16322762351608,149.31187610090063
ROCKY CREEK,-29.26859859228304,151.35185268731254
ROCKY CREEK,-30.05065131401662,150.2000940836552
ROCKY GLEN,-31.084730390189485,149.53477451815147
ROCKY HALL,-36.92264021820125,149.50980207128526
ROCKY PLAIN,-36.244340264462956,148.67113950253292
ROCKY POINT,-33.29342738435566,151.46981033723483
ROCKY RIVER,-30.597097395004027,151.45902328347591
BIDWILL,-33.730126012148325,150.822190142177
ROCKY RIVER,-29.185502550907113,152.30680795554645
RODD POINT,-33.86574771223559,151.14242774622463
ROLLANDS PLAINS,-31.28661652083767,152.65777286640278
ROOKHURST,-31.889603489036322,151.86892494653554
ROOKWOOD,-33.87428798708534,151.055757916541
ROOTY HILL,-33.77200950212392,150.8428572213461
ROPERS ROAD,-31.536904987384347,149.525299664302
ROPES CROSSING,-33.72914494372963,150.77986691257234
ROSE BAY,-33.873897221630486,151.26898904931005
BIELSDOWN HILLS,-30.368409934902616,152.67031260932467
ROSE VALLEY,-36.124301587619975,149.25816649413707
ROSE VALLEY,-34.71822930422324,150.80906320136918
ROSEBANK,-28.668855866494766,153.39562888754313
ROSEBERG,-33.85547147994108,149.04982730580807
ROSEBERRY,-28.49210983880198,152.9044394222708
ROSEBERRY CREEK,-28.472718805091667,152.82409349245793
ROSEBERY,-33.9188993314842,151.20479342045257
ROSEBROOK,-32.63734954650731,151.51539838558043
ROSEDALE,-35.81657452245152,150.21319615954505
ROSEHILL,-33.82575828540028,151.03107279855072
BIG HILL,-34.53225661873712,150.00396782876953
ROSELANDS,-33.93353993158705,151.0754427251969
ROSEMEADOW,-34.10410895680721,150.79266237180218
ROSEMEATH,-36.96790177039626,149.26542250880743
ROSEVILLE,-33.7832022296892,151.18207449638618
ROSEVILLE CHASE,-33.77506327623054,151.19942453563388
ROSEWOOD,-35.652889690606344,147.85175755577288
ROSEWOOD,-31.457624222172768,152.68550427328324
ROSLYN,-34.49718913375321,149.6373310199691
ROSSGLEN,-31.667089268418174,152.73135117541509
ROSSGOLE,-32.146347913274965,150.7311417302517
BIG JACKS CREEK,-31.76501655102294,150.6090037997587
ROSSI,-35.4879833110646,149.49635934827646
ROSSMORE,-33.93582556893917,150.77262264705595
ROTHBURY,-32.711679034073754,151.3155199129933
ROTO,-32.99188003152375,145.3528125245925
ROUCHEL,-32.14832139737808,150.99438849794777
ROUCHEL BROOK,-32.19074852889691,151.09954446564996
ROUGHIT,-32.57249054370134,151.24761254734707
ROUND MOUNTAIN,-28.356634209366906,153.5431978499878
ROUND SWAMP,-33.0660889217047,149.96725527227377
ROUS,-28.863611681996915,153.4067243543411
BIG RIDGE,-32.57521551902527,151.22623740776336
ROUS MILL,-28.879979632753056,153.382207348821
ROUSE HILL,-33.679325080252454,150.9166337833277
ROWAN,-35.20567885133733,147.3303260742098
ROWENA,-29.749103150482313,148.91478383751385
ROWLANDS CREEK,-28.467175495417266,153.34691901784262
ROYAL NATIONAL PARK,-34.11065349149526,151.069103433363
ROYALLA,-35.4925350821403,149.16898364393685
ROZELLE,-33.86491676338802,151.17333111351076
RUGBY,-34.38492626076682,149.0122978817555
BIG SPRINGS,-35.34632988584253,147.41999676427025
RUKENVALE,-28.469100263807608,152.89404595584674
RUN-O-WATERS,-34.76643681618813,149.6701863771718
RUNNING STREAM,-33.057495695572925,149.86966299475142
RUNNYFORD,-35.72635616353587,150.10871274901913
RUSE,-34.070233631213966,150.84213123556097
RUSHCUTTERS BAY,-33.874728481468296,151.22800154508724
RUSHES CREEK,-30.84276691610834,150.60073379376377
RUSHFORTH,-29.742882314560138,152.85719343372227
RUSSELL LEA,-33.85886659556854,151.1411615861015
RUSSELL VALE,-34.35565975499578,150.8952826941242
RUTHERFORD,-32.712484182748334,151.51193054842844
RUTHVEN,-28.928838768758713,153.27290631684977
RYAN,-35.53603296745506,146.88317371197752
RYDAL,-33.52374704834956,150.04590320941097
RYDALMERE,-33.8127149139954,151.04094780588653
RYDE,-33.81057295029224,151.111848860834
RYE PARK,-34.526147306782335,148.91501372036885
RYHOPE,-32.990319921983584,151.52815108183185
RYLSTONE,-32.75289195842529,149.99920159507778
SACKVILLE,-33.493883797949806,150.87727270734533
BIGGA,-34.06295453759724,149.13027482378564
SACKVILLE NORTH,-33.485249880191006,150.9049510735354
SADDLEBACK MOUNTAIN,-34.69877196055877,150.80429756318088
SADLEIR,-33.91712392624949,150.89093068041103
SAFETY BEACH,-30.09295996407604,153.19416353126343
SALAMANDER BAY,-32.73306012054066,152.0900264266097
SALISBURY,-32.16951592695112,151.5370780199874
SALISBURY PLAINS,-30.794747242235243,151.5939521539979
SALLYS FLAT,-33.028451202028585,149.56995138234322
SALT ASH,-32.78873870966585,151.92046326951302
SALTWATER,-32.00682661107673,152.54273565910128
ALISON,-33.26635769150381,151.39967610255528
BILAMBIL,-28.226369687219922,153.46706411571304
SAN ISIDORE,-35.124761539049274,147.2894705116216
SAN REMO,-33.21473025240725,151.52111843944508
SANCROX,-31.445112185843172,152.7972135802932
SANCTUARY POINT,-35.103249315483325,150.62614357479498
SANDBAR,-32.378560072234585,152.52375521745913
SANDGATE,-32.86689740423867,151.70614814516594
SANDIGO,-34.90692619372799,146.68002991148114
SANDILANDS,-28.89662290016835,152.66039583207206
SANDON,-29.689362798719866,153.31306700590636
SANDRINGHAM,-33.99806160689485,151.14017842510307
BILAMBIL HEIGHTS,-28.210172283164226,153.48664153771807
SANDY BEACH,-30.14434203136507,153.1789644714273
SANDY CREEK,-31.919595978232458,145.43643724320847
SANDY CREEK,-31.830769640228084,150.98490399297992
SANDY CROSSING,-29.766123140012095,153.09610152208415
SANDY FLAT,-29.24013993106756,152.01412543377901
SANDY GULLY,-35.29439975032164,148.03655592637645
SANDY HILL,-28.95146274733473,152.26514216306708
SANDY HOLLOW,-32.343290074065,150.5665933942757
SANDY POINT,-33.97618526376265,150.9935234467955
SANGER,-35.66888014735588,146.13933722712346
BILBUL,-34.281672491168635,146.15917591364737
SANS SOUCI,-33.995995890960806,151.13124928602775
SAPPHIRE,-29.677662304092,151.34079582328536
SAPPHIRE BEACH,-30.226439657370406,153.13770729310772
SARATOGA,-33.47457871368814,151.34932827621228
SASSAFRAS,-35.118760436328984,150.20279352057997
SAUMAREZ,-30.576288238571685,151.58937888684352
SAUMAREZ PONDS,-30.500252221006768,151.55676731596213
SAVERNAKE,-35.745039312209045,146.01779702605216
SAWPIT CREEK,-28.37231703643062,152.8143321049304
SAWTELL,-30.368646486690505,153.0953035449781
SAWYERS GULLY,-32.777087449293035,151.44668384118071
SCARBOROUGH,-34.268041914619424,150.95829648493114
SCHEYVILLE,-33.600880357954026,150.89161819712038
SCHOFIELDS,-33.70351189478037,150.87276310395816
SCONE,-32.05421189189976,150.86046943250142
SCOTIA,-33.150317181188804,141.48869227490005
SCOTLAND ISLAND,-33.63992734153973,151.29120904797907
SCOTTS CREEK,-31.713479635798453,150.95848211242594
SCOTTS FLAT,-32.6036453700939,151.24559184308873
BILLEROY,-30.63014903547312,148.45437151920623
SCOTTS HEAD,-30.712569929163504,152.99095893769544
SEAFORTH,-33.792046277307286,151.24190155356987
SEAHAM,-32.67149430662117,151.70680349983894
SEAHAMPTON,-32.88361960123078,151.58246613301847
SEAL ROCKS,-32.42271834713436,152.5060960993775
SEBASTOPOL,-34.575105828787514,147.53936566708128
SEDGEFIELD,-32.54421236046477,151.23529972390105
SEELANDS,-29.621836605692188,152.89416147346125
SEFTON,-33.88763712590796,151.0106039475203
SEGENHOE,-32.0722275888024,150.925636623739
BILLILINGRA,-36.0194076833108,149.11452973630023
SEVEN HILLS,-33.77668527291498,150.93867881189405
SEVEN OAKS,-30.996779567496088,152.9321947636343
SEXTONVILLE,-28.674192420436764,152.78437210461686
SHADFORTH,-33.39001905215425,149.19702722083795
SHALLOW BAY,-32.21978040381541,152.41663474116226
SHALVEY,-33.727552501068,150.80669621903414
SHANES PARK,-33.71157224919699,150.7909669722436
SHANNON BROOK,-28.905250933249413,152.96272073045304
SHANNON VALE,-29.694997695973285,151.87047019327676
SHANNONDALE,-29.801183693845605,152.83328181294493
BILLIMARI,-33.672808390800455,148.61809833599162
SHANNONS FLAT,-35.95922321693357,148.9808313458172
SHARK CREEK,-29.575385967051353,153.22126236593368
SHARPS CREEK,-35.392900912702565,148.03901382519248
SHEEDYS GULLY,-33.49620018872341,150.15253958945965
SHELL COVE,-34.59904310305306,150.86690362931375
SHELLHARBOUR,-34.576940496377595,150.86362367608854
SHELLHARBOUR CITY CENTRE,-34.56489452477113,150.83721600877973
SHELLY BEACH,-33.37004426350253,151.48519734694773
SHERWOOD,-28.426806402893437,152.7815971258571
SHERWOOD,-30.030878062162316,153.04541866984826
BILLINUDGEL,-28.50662511635603,153.51490125887958
SHERWOOD,-31.06423464480125,152.71406921863363
SHOAL BAY,-32.725735468377025,152.175001806959
SHOALHAVEN HEADS,-34.85022486406301,150.74156558999647
SHOOTERS HILL,-33.926786087920256,149.839031606092
SHORTLAND,-32.87814178194877,151.69182323534957
SILENT GROVE,-29.157855043877962,151.66972384773538
SILVERDALE,-33.92857462634415,150.59169721481086
SILVERTON,-31.77368499841836,141.1470640769154
SILVERWATER,-33.83422709363404,151.0462794364888
SILVERWATER,-33.1031183439334,151.55816047705193
BILLYS CREEK,-30.161513309079343,152.5773103007965
SIMPKINS CREEK,-28.8407021949466,152.76899992258447
SINGLETON,-32.56947415154079,151.17881604908933
SINGLETON HEIGHTS,-32.54024599604223,151.1618020928693
SINGLETON MILITARY AREA,-32.696599782674696,151.183161706041
SINGLETONS MILL,-33.46911361378796,151.07311747433272
SIX MILE SWAMP,-29.18884630426815,152.8583154150362
SKENNARS HEAD,-28.832914867116344,153.58946662721496
SKILLION FLAT,-31.01039817841124,152.7331416167839
SKINNERS SHOOT,-28.658125183432755,153.59057790274608
SLEEPY HOLLOW,-28.416308963061834,153.51845341052106
BILLYWILLINGA,-33.284292473770584,149.44071331858532
SMEATON GRANGE,-34.037033090661694,150.75753633657826
SMITHFIELD,-33.848517338137036,150.93812397800968
SMITHS CREEK,-28.427718057275733,153.37797500754473
SMITHS CREEK,-28.564139166678036,152.85400435099712
SMITHS CREEK,-29.505134296382383,152.72886268263576
SMITHS LAKE,-32.381508994066635,152.49229273330403
SMITHTOWN,-31.014160838483352,152.94530130057575
SNAKES PLAIN,-31.776879194749963,147.75565195594737
SNOWBALL,-35.9443883341056,149.58714162491637
SNOWY PLAIN,-36.151969571202926,148.52215973872907
ALLAMBIE HEIGHTS,-33.76958115880827,151.24882675303294
BILPIN,-33.44870521259241,150.54931427483262
SODWALLS,-33.561575675017295,149.9822636048398
SOFALA,-33.05884197163868,149.70006298416504
SOLDIERS POINT,-32.7081934224228,152.0661848248673
SOMERSBY,-33.37897971313954,151.27790540958733
SOMERTON,-30.939104805878156,150.62706899761088
SOUTH ALBURY,-36.09724867171895,146.91428570953212
SOUTH ARM,-30.68871216103435,152.7395832740796
SOUTH ARM,-29.52064328556829,153.17055689773244
SOUTH BALLINA,-28.88134911679455,153.5662452876538
SOUTH BATHURST,-33.443635142647416,149.57398125663386
BIMBERI,-35.573157575938616,148.70899564592847
SOUTH BOWENFELS,-33.519312903423106,150.10865374759865
SOUTH COOGEE,-33.93246588052579,151.25466053848902
SOUTH DURRAS,-35.654945845714515,150.28619304389045
SOUTH GOLDEN BEACH,-28.49811466517266,153.5471046459046
SOUTH GRAFTON,-29.72807145688195,152.93878234210368
SOUTH GRANVILLE,-33.85780795983035,151.01067823248997
SOUTH GUNDAGAI,-35.12341219908768,148.13074715405347
SOUTH GUNDURIMBA,-28.89140582472391,153.24512487047758
SOUTH GUYRA,-30.238928325326327,151.6734120276563
BIMBI,-33.99420683871424,147.94384752189993
SOUTH HURSTVILLE,-33.97755354978634,151.10557338621058
SOUTH KEMPSEY,-31.122219114358685,152.84518720827623
SOUTH LISMORE,-28.815964286987587,153.25307018428487
SOUTH LITTLETON,-33.50065259181606,150.13731952146648
SOUTH MAITLAND,-32.74670516983611,151.56369564572006
SOUTH MAROOTA,-33.51105889302456,150.9549743737558
SOUTH MURWILLUMBAH,-28.337137349122425,153.41659360405123
SOUTH NOWRA,-34.90887022260564,150.59891597576967
SOUTH PAMBULA,-36.94699980556888,149.84773829723113
SOUTH PENRITH,-33.773505924809164,150.6988170384171
BIMBIMBIE,-35.84208604992627,150.11865716941432
SOUTH TAMWORTH,-31.11113845158927,150.92177622745314
SOUTH TURRAMURRA,-33.75237356899193,151.10830220247726
SOUTH WENTWORTHVILLE,-33.821091198009796,150.97017128038826
SOUTH WEST ROCKS,-30.896074476364515,153.03635260628062
SOUTH WINDSOR,-33.63010943902186,150.80491609638548
SOUTH WOLUMLA,-36.86495870321686,149.76254089302938
SOUTHAMPTON,-29.7147014883665,152.89871181506152
SOUTHGATE,-29.60259943263696,153.00557679097113
SPEERS POINT,-32.9622795886371,151.6275538182395
SPEEWA,-35.19139272432827,143.55416919050322
BINALONG,-34.671958471455646,148.66067222378624
SPENCER,-33.444167226149645,151.12491473468035
SPICERS CREEK,-32.395923290992535,149.13693783013744
SPICKETTS CREEK,-30.53271015419353,152.86604715410985
SPLITTERS CREEK,-36.05281930196426,146.84978923150817
SPRING CREEK,-33.34308946717856,149.10053591764165
SPRING FARM,-34.070553751742054,150.72617198156684
SPRING FLAT,-32.671736192136585,149.6060569422385
SPRING GROVE,-28.828934070242532,153.1290706193657
SPRING HILL,-34.452711560275915,150.86965249688072
SPRING HILL,-33.40346906966901,149.1502911176993
BINDA,-34.3098256519207,149.32281822753745
SPRING MOUNTAIN,-29.82820362862464,151.49629143040957
SPRING PLAINS,-29.928669141985985,149.28612910689583
SPRING RIDGE,-31.390538263299288,150.2203667654815
SPRING TERRACE,-33.40662349985698,149.09109595099426
SPRINGDALE,-34.459322268205696,147.74378925067242
SPRINGDALE HEIGHTS,-36.0254675087216,146.95681255512753
SPRINGFIELD,-36.53249186159584,149.12400279622543
SPRINGFIELD,-33.42810194093129,151.37264303017832
SPRINGRANGE,-35.09024203090563,149.0841890657724
SPRINGSIDE,-33.38634393956196,149.03878799530162
BINDERA,-32.026087331917374,151.81819012641733
SPRINGVALE,-35.17398450470713,147.33177230588495
SPRINGWOOD,-33.6940794322287,150.57581177003385
ST ALBANS,-33.251770467145306,151.00753247485673
ST ANDREWS,-34.022656795265085,150.82951691771254
ST CLAIR,-33.79735989374407,150.78462875849584
ST CLAIR,-32.3620556143718,151.27074832500423
ST FILLANS,-32.46246161192388,149.63691814384154
ST GEORGE,-35.03262153066703,150.22238063155694
ST GEORGES BASIN,-35.11313978625988,150.6061213240193
BINGARA,-29.838254315247198,150.57702148807513
ST HELENS PARK,-34.10476078694299,150.81367691076093
ST HUBERTS ISLAND,-33.492050511331996,151.344374607558
ST IVES,-33.72500638845897,151.1723162740403
ST IVES CHASE,-33.70365117579621,151.16466526700648
ST JOHNS PARK,-33.88293131206009,150.9017604377173
ST LEONARDS,-33.82281644546549,151.19282323524988
ST MARYS,-33.7583762837181,150.77145419582436
ST PETERS,-33.91580811627758,151.17617268746122
STANBOROUGH,-29.986935560125964,151.0684965823574
STANBRIDGE,-34.5058135126873,146.26600599965258
BINGEEBEEBRA CREEK,-28.807636073542945,152.77837329472885
STANFORD MERTHYR,-32.82477264213843,151.4935468807671
STANHOPE,-32.582016238677745,151.40950798062536
STANHOPE GARDENS,-33.71590954400566,150.9267966426924
STANMORE,-33.89306906969296,151.16604918400728
STANNIFER,-29.877275584909473,151.24134883631294
STANNUM,-29.333018652083034,151.79076987818806
STANWELL PARK,-34.22861944886856,150.98150553945044
STANWELL TOPS,-34.2201703211602,150.97414700583343
STATE MINE GULLY,-33.448133943682244,150.20517362344137
STEAM PLAINS,-34.98321169995528,145.28166160739866
BINGIE,-36.012215848936634,150.14381671201838
STEEPLE FLAT,-36.57897265625733,149.36921352364251
STEWARTS BROOK,-32.03033000887241,151.32229715891012
STEWARTS MOUNT,-33.400159568892164,149.5185105865157
STEWARTS RIVER,-31.714048537688235,152.63429766987431
STOCKINBINGAL,-34.46599992750965,147.86468864443347
STOCKRINGTON,-32.8633727120343,151.58044830490795
STOCKTON,-32.89839038411325,151.79078365742834
STOCKYARD CREEK,-29.51634041701402,152.80891782040172
STOKERS SIDING,-28.406435462062472,153.41812055677545
ALLANDALE,-32.72675883137094,151.41384485980763
BINGLEBURRA,-32.37694819651131,151.61815601993285
STONEHENGE,-29.834474627975318,151.7237721146136
STONY CHUTE,-28.583167428597687,153.16210226329605
STONY CREEK,-32.47521205082564,149.72993076531097
STONY CREEK,-36.61802816174375,149.800995316343
STONY CROSSING,-35.08404137446785,143.54532027031706
STOTTS CREEK,-28.281178133345506,153.50549856477878
STRATFORD,-32.11483102289121,151.9547480846549
STRATHCEDAR,-31.769571034262814,152.36385155088192
STRATHEDEN,-28.75048727167755,152.9468197061735
STRATHFIELD,-33.87850318312157,151.08176266999786
BINIGUY,-29.577636312983035,150.1449374272993
STRATHFIELD SOUTH,-33.89528210594896,151.07681625123314
STROUD,-32.357284700531075,151.9978598593626
STROUD HILL,-32.379319993042394,151.81230065665827
STROUD ROAD,-32.31676149886616,151.93703621836346
STUART TOWN,-32.83231964736864,149.04687357335158
STUARTS POINT,-30.82426607439194,152.9845766603014
STUBBO,-32.27587077104546,149.57098899354764
STUD PARK,-35.374439915258684,144.94877977553801
SUFFOLK PARK,-28.687764752427086,153.6073913518803
SUGARLOAF,-32.38124101177671,151.6912683331699
BINJURA,-36.17871140656429,149.10469586553413
SUMMER HILL,-32.478549092202115,151.5005748280221
SUMMER HILL,-33.892694054810356,151.13708865438895
SUMMER HILL CREEK,-33.206696097228146,149.15387467530954
SUMMER ISLAND,-30.986977305834948,152.9660188274056
SUMMERLAND POINT,-33.14087337650208,151.5647800720981
SUN VALLEY,-33.70798675133653,150.5968423826976
SUNNY CORNER,-33.377410585730175,149.8772171594158
SUNSHINE,-33.112029112843324,151.5620069014757
SUNSHINE BAY,-35.745355078429085,150.20787095476103
BINNA BURRA,-28.709289404320643,153.49076068991116
SUNTOP,-32.56679644486392,148.8289362914879
SURF BEACH,-35.76229107371705,150.20358570300766
SURFSIDE,-35.69550496985292,150.1996818270825
SURRY HILLS,-33.88566450819346,151.21201678796461
SUSSEX INLET,-35.14252839692466,150.56189276481695
SUTHERLAND,-34.031301951875335,151.0567442626323
SUTTON,-35.15149561995574,149.21828926369648
SUTTON FOREST,-34.56960799902305,150.27693131965228
SWAN BAY,-32.69254781866723,151.93458763852024
SWAN BAY,-29.078147059217134,153.29256812388246
BINNAWAY,-31.593623899513076,149.39947909502035
SWAN CREEK,-29.66930045763294,153.00200481151194
SWAN VALE,-29.773340750260566,151.46634537130717
SWANBROOK,-29.718058368103083,151.2367177770238
SWANHAVEN,-35.18708689950861,150.57250227253652
SWANS CROSSING,-31.593072086098022,152.58485652180167
SWANSEA,-33.09125957522049,151.63528580576755
SWANSEA HEADS,-33.09323258704915,151.65902564118613
SWEETMANS CREEK,-32.888937178171574,151.18298135229514
SYDENHAM,-33.916750335116745,151.16800955951908
SYDNEY,-33.86885141320312,151.20933189379048
BINYA,-34.1432084914262,146.33940457631817
SYLVANIA,-34.01216637113381,151.1018288469686
SYLVANIA WATERS,-34.01870509325004,151.11229494667097
TABBIL CREEK,-32.422495085135054,151.73234634682453
TABBIMOBLE,-29.205600226305826,153.23752682586675
TABBITA,-34.10929071892331,145.80552716352668
TABLE TOP,-35.94637721429739,147.03612045557944
TABULAM,-28.86024083988974,152.51439692571572
TACOMA,-33.285751908195216,151.45823392356218
TACOMA SOUTH,-33.2938125114019,151.4552557557135
TAHLEE,-32.66002261258035,151.9987537656889
TAHMOOR,-34.2293844673841,150.59076105316575
TALARM,-30.70221811423046,152.84333033617034
TALAWANTA,-29.601292985884655,147.05998381199993
TALBINGO,-35.59910191255465,148.3210263510881
TALLAWANG,-32.229192742522564,149.44234158558288
TALLIMBA,-34.04440351522368,146.87605382978973
TALLONG,-34.75900807680433,150.16161588366015
TALLOWAL,-34.84196601308211,150.22765357632295
TALLOWWOOD RIDGE,-30.261156005103985,152.72397322662374
TALLWOOD,-33.50367684481145,149.1208300094031
BIRCHGROVE,-33.85162591209627,151.1824760550181
TALLWOODS VILLAGE,-32.05536082265914,152.51039529919703
TALMALMO,-35.93996117486945,147.43864976634302
TALOFA,-28.673569943915243,153.55515263250365
TALOUMBI,-29.54943348095871,153.27149581765266
TAMARAMA,-33.89863992062543,151.27042293689738
TAMBAN,-30.88697653081417,152.81626418450642
TAMBAR SPRINGS,-31.4004630786098,149.86938159713716
TAMBAROORA,-32.96377842647998,149.41137199105
TAMINDA,-31.084917697330578,150.90066090907567
TAMWORTH,-31.09274821262473,150.93203382224738
BIRDWOOD,-31.350595566585767,152.32493324251487
TANGLEWOOD,-28.33636850598471,153.53491672754342
TANILBA BAY,-32.742460378206076,151.98617304430618
TANJA,-36.625109441554095,149.9598040930541
TANNABAR,-31.353393414323644,149.1691616412499
TANNAS MOUNT,-33.61757059009623,149.64094625223908
TANTANGARA,-35.71428727632954,148.66535626466427
TANTAWANGALO,-36.75043790651337,149.54030362249736
TANTONAN,-35.70694728506024,144.62786915570217
TAPITALLEE,-34.8279504681933,150.5147146076177
TARA,-34.49354702373301,147.16065594490635
BIRGANBIGIL,-35.518357075202694,145.18462218881172
TARADALE,-35.61359786929922,147.93712553999063
TARAGO,-35.10749157488051,149.55829945986952
TARALGA,-34.40032665940011,149.78733308097003
TARANA,-33.54810038157699,149.88445040308358
TARBAN,-28.967059868423622,151.8716844740952
TARBUCK BAY,-32.364555803728805,152.47783717195134
TARCUTTA,-35.286975813530404,147.71232599863714
TAREE,-31.889461886668972,152.44445261993317
TAREE SOUTH,-31.936428016497267,152.4542642543655
TAREN POINT,-34.01720920892545,151.12761145785615
ALLAWAH,-33.97267188395012,151.11430924168053
BIRMINGHAM GARDENS,-32.893674644723134,151.6901208262336
TARLO,-34.63205314293369,149.81518591395857
TARRAGANDA,-36.6722921404035,149.86939483165995
TARRAWANNA,-34.37637932916791,150.8792772381804
TARRIARO,-30.43485638947401,149.996778713028
TARRO,-32.80857540089982,151.6773273538065
TASCOTT,-33.45235873881634,151.31860540514623
TATHAM,-28.936210466630772,153.17047024393054
TATHRA,-36.739653152523395,149.9672150693823
TATTON,-35.15972551635931,147.3587657810879
TAYLORS ARM,-30.76201740153505,152.72645572190223
BIRRIWA,-32.1236904282969,149.47888863477374
TAYLORS BEACH,-32.743668017154285,152.06906603788715
TAYLORS FLAT,-34.27592646836839,149.01897697561918
TEA GARDENS,-32.618967594610154,152.1571383679887
TELARAH,-32.73019337228763,151.53608611965328
TELEGRAPH POINT,-31.329010920334806,152.7837081576991
TELOPEA,-33.79372944118948,151.04041063460141
TEMAGOG,-31.00382572269745,152.6182586590836
TEMORA,-34.447550587984686,147.51179373375447
TEMPE,-33.92489985303183,151.16286301178545
TEN MILE HOLLOW,-33.32402872115129,151.0859214499369
BIRRONG,-33.89236167619967,151.02076033861
TENAMBIT,-32.74251676780294,151.6150422007965
TENANDRA,-31.577333567860876,147.88517928282616
TENNYSON,-33.533062109250224,150.73731876212128
TENNYSON POINT,-33.831637392257974,151.11683844856574
TENTERDEN,-30.11331680376435,151.41533201162585
TENTERFIELD,-29.0843880761211,152.03544709326223
TERALBA,-32.95046441305147,151.5996413167536
TERANIA CREEK,-28.6146906648489,153.29444045153696
TERARA,-34.86831656001958,150.62939716938783
TERIDGERIE,-30.911999155622627,148.79834340872782
BISHOPS BRIDGE,-32.747110653880306,151.4702764751002
TERMEIL,-35.47677332004935,150.35196998049466
TERRABELLA,-32.43971133000312,148.73494689640262
TERRACE CREEK,-28.411014407922316,152.8400937079041
TERRAGON,-28.439269329326027,153.28987914203398
TERRAMUNGAMINE,-32.07759455619986,148.4983193670955
TERRANORA,-28.23869811014127,153.50629245158223
TERREEL,-32.22050121955251,152.04431226489925
TERREY HILLS,-33.689464484826736,151.219369347898
TERRIGAL,-33.44350222814574,151.42614280292796
TERRY HIE HIE,-29.785066720601332,150.16065240559885
BITHRAMERE,-31.135694379028916,150.78109392365826
TEVEN,-28.815325302389486,153.4919966459768
TEWINGA,-30.644398232232625,152.90257383565785
TEXAS,-28.89128429016173,151.0892029465189
THALGARRAH,-30.408758823644206,151.87032192463678
THARBOGANG,-34.264403732860906,145.9463514187369
THE ANGLE,-35.61005591620904,149.10302955062653
THE BASIN,-30.18701361908553,151.27379689381732
THE BIGHT,-31.883019302255722,152.385302162541
THE BRANCH,-32.550880167300896,152.0431803076278
THE BROTHERS,-36.34289507103874,149.0791459213334
BLACK CREEK,-31.58585732715845,152.63858398464183
THE CHANNON,-28.675950837165065,153.27746089152507
THE DEVILS WILDERNESS,-33.55759559618792,150.5403136721024
THE ENTRANCE,-33.34504507462333,151.49575730881915
THE ENTRANCE NORTH,-33.331440797297866,151.506551056115
THE FRESHWATER,-29.343754747301155,153.33125568732262
THE GAP,-29.16962734660662,153.38226258866897
THE GAP,-34.95424060736314,147.21278950800078
THE GLEN,-28.40555010518952,152.660431912894
THE GULF,-30.05488145223442,152.25663045627968
THE HATCH,-31.361232841936168,152.82484778391958
BLACK CREEK,-35.32867797280614,148.03350502673348
THE HILL,-32.933098088278335,151.776155334692
THE JUNCTION,-32.938122624879334,151.75994710923402
THE LAGOON,-33.543312968717075,149.62227346911965
THE MARRA,-30.81208049007271,147.2658486861938
THE MEADOWS,-33.64704721108088,149.93817479616226
THE OAKS,-34.088719051048116,150.5634134049988
THE PILLIGA,-30.681246659299653,149.46218042955007
THE PINNACLES,-29.544668855749283,152.92356174629955
THE POCKET,-28.506061366648048,153.47130521627892
BLACK HEAD,-32.071747358662414,152.5350583782188
THE PONDS,-33.70546429971525,150.90549270686816
THE RIDGEWAY,-35.338865808645664,149.2608609543958
THE RISK,-28.470359272097106,152.93182765844819
THE ROCK,-35.27045937282527,147.11869825192204
THE ROCKS,-33.43030346243135,149.4252058311698
THE ROCKS,-33.859461007407965,151.2081518515379
THE SANDON,-29.66522309461603,153.29481562683534
THE SLOPES,-33.532035802972544,150.70599182396273
BLACK HILL,-32.82108948809992,151.60769300260154
THE WHITEMAN,-29.59954154436973,152.86309976711752
THERESA CREEK,-28.78417798098359,152.7925503434483
THERESA PARK,-33.9908820725912,150.63577592820056
THIRLMERE,-34.205235454718746,150.55363853197682
THIRLDENE,-30.332230809058576,150.9072537020164
THIRROUL,-34.31442599029862,150.91350711293606
THORA,-30.434528390565184,152.77503201807596
THORNLEIGH,-33.72371205055809,151.08200938253196
THORNTON,-32.78226435619438,151.63680842019127
THRUMSTER,-31.458520442420316,152.83784101980032
BLACK HOLLOW,-31.10896064083888,148.86614880585188
THUDDUNGRA,-34.17278099104339,148.12855930496664
THULE,-35.684969481353576,144.40609054332594
THUMB CREEK,-30.65575089130953,152.5753584706494
THURGOONA,-36.055909879979566,146.99134757997112
THYRA,-35.84487626659671,144.74398887312634
TIANJARA,-35.14023316001223,150.31477114673962
TIBBUC,-31.834336553789637,151.90381749705955
TIBOOBURRA,-29.36391169418139,141.9845122210405
TICHBORNE,-33.231242603500256,148.07306931734243
TICHULAR,-32.45037549104264,149.9331402709206
ALLEENA,-34.09400227315436,147.13348450591593
BLACK MOUNTAIN,-30.330924592063415,151.6814644543339
TIGHES HILL,-32.9045181452606,151.75619768926586
TILBA TILBA,-36.33545504461994,150.0387798604172
TILBUSTER,-30.41700431471435,151.69940821355053
TILLIGERRY CREEK,-32.759442131261004,151.9904509576584
TILPA,-31.012055328766174,144.37055437142376
TIMBARRA,-29.05657437251861,152.2302972873802
TIMBILLICA,-37.30357134399181,149.7209349421758
TIMBUMBURI,-31.226818208962577,150.90606831257264
TIMOR,-31.711453948785497,151.0833660917771
TINDAREY,-31.050986351424033,145.9676045570638
BLACK RANGE,-36.73528304911303,149.84482877186565
TINDERRY,-35.69425749928119,149.30831927566064
TINGHA,-29.970178050326307,151.22886688912448
TINGIRA HEIGHTS,-32.99711733350982,151.6667720931665
TINONEE,-31.94581542267717,152.40416668687996
TINPOT,-36.23789900692198,149.89802822093856
TINTENBAR,-28.792497735629304,153.51320189680976
TINTINHULL,-31.075794820876023,150.99831320764434
TIONA,-32.29915458437932,152.5208948390475
TIPPERARY,-32.05750008352589,152.15833388622062
TIRI,-31.849994165034193,152.08592641146376
BLACK SPRINGS,-33.85712105212603,149.7185725067007
TIRRANNAVILLE,-34.86846011133809,149.6746743903189
TITAATEE CREEK,-32.03438671391917,152.11578636284523
TOCAL,-32.61764139332243,151.55850993705604
TOCUMWAL,-35.780354860077175,145.50776322276639
TOLLAND,-35.14508343347052,147.35145199849984
TOLWONG,-34.8356535623495,150.1017195575172
TOMAGO,-32.82349829994224,151.74082911059634
TOMAKIN,-35.82227636971332,150.1891852797376
TOMALLA,-31.82411547496458,151.4797617889078
TOMBONG,-36.902621967925,148.9307755061636
TOMBOYE,-35.2535137203489,149.96942850243423
TOMERONG,-35.05103996006416,150.56989170192355
TOMEWIN,-28.25109975051852,153.37965626752836
TOMINGLEY,-32.553335101974675,148.2156139394912
TOMS CREEK,-31.54388569240351,152.38626182683507
TONDERBURINE,-31.339783316485065,148.7967623136146
TONGARRA,-34.582445867719514,150.69452283901316
TOOGONG,-33.35174281461186,148.65061254198315
TOOLEYBUC,-35.03347645948261,143.39068404600275
TOOLIJOOA,-34.76093388371936,150.78069007064073
BLACKALLS PARK,-32.99892739501738,151.57974141964795
TOOLOOM,-28.58775553968322,152.45267070413217
TOOLOON,-30.999377466492007,148.15875798513787
TOOMA,-35.945285274893166,148.01569685367284
TOONGABBIE,-33.790343583302466,150.94857406257472
TOONGI,-32.4802093965826,148.57751724820858
TOONUMBAR,-28.529733378074642,152.76101034335818
TOORANIE,-35.019473443134835,143.66032492003913
TOORAWEENAH,-31.483619051729903,148.93794732994868
TOORMINA,-30.355050187420854,153.08794478435638
TOOROOKA,-30.899203224023644,152.5459201132131
BLACKBUTT,-34.57109880970285,150.84009121943475
TOOTHDALE,-36.78213880377292,149.7534877513689
TOOTOOL,-35.24240159040058,146.98595558388914
TOOWOON BAY,-33.362688819181145,151.4976133947215
TOPI TOPI,-32.35848117683932,152.33869206262133
TORONTO,-33.015404007367856,151.577692211002
TORRINGTON,-29.27671120537943,151.68172261473106
TORRYBURN,-32.473056465309696,151.580732078956
TORRYBURN,-30.445783763567796,151.20370267695446
TOTNES VALLEY,-32.50000175681406,149.90733307404173
TOTTENHAM,-32.26482758617681,147.25023151395612
BLACKETT,-33.73827702143241,150.81541452361586
TOUGA,-34.92721168210309,150.11009155540285
TOUKLEY,-33.259472530515716,151.54756937432623
TOWALLUM,-30.08319278640734,152.83177391838146
TOWAMBA,-37.113918534871246,149.70156042186835
TOWNSEND,-29.466236235567443,153.22068635133448
TOWRADGI,-34.3842918279065,150.90517024914385
TOWRANG,-34.69423000500815,149.82811651802595
TRALEE,-35.427448479563395,149.16227884640716
TRANGIE,-32.06035976378714,147.91358788702166
TREGEAGLE,-28.86038409284341,153.3512420192129
BLACKHEATH,-33.638513313861175,150.27856316338134
TREGEAR,-33.74570471486594,150.79294606632988
TRENAYR,-29.615011642157377,152.9581544080939
TREWILGA,-32.78724178798477,148.23074193041327
TRIAMBLE,-32.87313362995359,149.28648531323256
TRIANGLE FLAT,-33.79165274375037,149.45302393038475
TRUNDLE,-32.87150244524527,147.71082542049618
TRUNGLEY HALL,-34.26266612717075,147.5569948132366
TRUNKEY CREEK,-33.80059850010553,149.3375582867434
BLACKMANS FLAT,-33.33799860686278,150.0649268782895
TUBBAMURRA,-30.102416607257478,151.78376406336946
TUBBUL,-34.23775536813716,147.97472442519563
TUCABIA,-29.654927241161225,153.12939200004618
TUCKI TUCKI,-28.921541743997167,153.3169710685988
TUCKOMBIL,-28.813826201748714,153.46749151762782
TUCKURIMBA,-28.951653904080132,153.3274247978904
TUENA,-34.04324777892919,149.31793418822343
TUGGERAH,-33.306868144964376,151.42753736719058
TUGGERAWONG,-33.282675787411385,151.47546013729385
TUGRABAKH,-31.985716553122863,152.02178529628043
BLACKMANS POINT,-31.389790205481106,152.8306358606216
TULLAKOOL,-35.38449048000654,144.1610953931753
TULLAMORE,-32.56325800210425,147.60811888931713
TULLARWALLA,-35.12350562569608,150.49546303197485
TULLERA,-28.752382823286393,153.291011860809
TULLIBIGEAL,-33.393685860866356,146.71036787052338
TULLIMBAR,-34.58179575853114,150.74653608553297
TULLOONA,-28.900276176271703,150.08432853868237
TULLYMORGAN,-29.386062363748625,153.11037099941322
TUMBARUMBA,-35.7324610630371,148.05504206301697
TUMBI UMBI,-33.37574482825919,151.43320273642738
ABERCROMBIE,-33.38997265466201,149.5564308969002
ALLGOMERA,-30.818161748246457,152.79550094049472
BLACKSMITHS,-33.0776504476954,151.65437411009734
TUMBLONG,-35.14289679031108,147.98243297027716
TUMBULGUM,-28.28309626837333,153.4766692623963
TUMORRAMA,-35.193689334674566,148.48870778081732
TUMUT,-35.320754742789845,148.23251064369245
TUMUT PLAINS,-35.34112553290902,148.2711873786149
TUNCESTER,-28.80194706196845,153.2243343552408
TUNCURRY,-32.160530140376906,152.4856827739503
TUNGLEBUNG,-28.819587605356382,152.67973945152997
TUNTABLE CREEK,-28.629185801767804,153.26222000756758
TUPPAL,-35.68222716089744,145.30740435638683
BLACKTOWN,-33.773789493292654,150.9034842596487
TURA BEACH,-36.860397974343975,149.92443927252936
TURILL,-32.15309383994444,149.88827857651077
TURLINJAH,-36.02950626865287,150.07359395002354
TURNERS FLAT,-31.035938032546262,152.67610167781442
TURONDALE,-33.11533483121002,149.59310764634756
TUROSS,-36.275519275516764,149.47330038174667
TUROSS HEAD,-36.036467901622196,150.12197848034296
TURRAMURRA,-33.73297378428062,151.12909386007564
TURRAWAN,-30.454487133635716,149.88731321698333
TURRELLA,-33.930248796803994,151.14223106750433
BLACKVILLE,-31.629965952425888,150.25279573714437
TURVEY PARK,-35.127260716455,147.36192506760207
TWEED HEADS,-28.178665457662508,153.53700036782277
TWEED HEADS SOUTH,-28.200230172981794,153.53488184949626
TWEED HEADS WEST,-28.183839573942524,153.5052244232606
TWELVE MILE,-32.511876849339934,149.2574544005826
TWELVE MILE CREEK,-32.63998847165815,151.87382711376046
TWELVE MILE PEG,-35.15354261854937,150.3974503887596
TWENTY FORESTS,-33.67894793545892,149.73858832861637
TWIN RIVERS,-28.705200766072338,150.68842129138255
TYAGARAH,-28.599697688845936,153.55562421642568
BLACKWALL,-33.50489657598947,151.33515630871747
TYALGUM,-28.359733054818292,153.2295004817659
TYALGUM CREEK,-28.338833929068194,153.16218895171278
TYGALGAH,-28.29912944228105,153.42546384169142
TYNDALE,-29.568779900759218,153.16137454069286
TYRINGHAM,-30.24722653959127,152.51295631556624
UARBRY,-32.03804957863321,149.73620227104115
UKI,-28.414563407558415,153.32822141931922
ULAMAMBRI,-31.313311492245006,149.38422614284065
ULAN,-32.25988882148067,149.80736549525935
ULLADULLA,-35.35723856128957,150.4613245590747
BLAIR ATHOL,-34.06214764997127,150.80144971711607
ULLAMALLA,-32.993088592404064,149.31207257212645
ULMARRA,-29.64383513287489,153.0534246126565
ULONG,-30.238004287888806,152.88948446051384
ULTIMO,-33.88028665562864,151.19794814796094
UMINA BEACH,-33.51875733912083,151.31097705694242
UNANDERRA,-34.457211837458374,150.84526546939264
UNDERBANK,-32.28413428768654,151.60977213044322
UNGARIE,-33.57339493983889,146.91626981293254
UNUMGAR,-28.432369145879747,152.71958672703852
UPPER ALLYN,-32.14597291015598,151.46073429708366
BLAIRMOUNT,-34.051693145473145,150.79261191611
UPPER BINGARA,-30.069851229246574,150.66476649270757
UPPER BURRINGBAR,-28.451921113832068,153.42252388987333
UPPER BYLONG,-32.49585971176505,150.18327811250631
UPPER COLO,-33.4135679989572,150.70327632323418
UPPER COOPERS CREEK,-28.603860599788042,153.40285271622648
UPPER COPMANHURST,-29.56627500061102,152.74924841627427
UPPER CORINDI,-30.05202844155636,153.11837711876728
UPPER CRYSTAL CREEK,-28.26990328062091,153.30543450561996
UPPER DARTBROOK,-31.919683626019488,150.70630058952958
UPPER DUCK CREEK,-28.521772164344885,152.69844401379652
BLAKEBROOK,-28.767717308736227,153.23220448792352
UPPER DUROBY,-28.251528251879975,153.43541380731133
UPPER EDEN CREEK,-28.516548425718746,152.855997869001
UPPER FINE FLOWER,-29.275612429544484,152.71785742069864
UPPER GROWEE,-32.64369043033084,150.00987451157178
UPPER HORSESHOE CREEK,-28.498056907881473,153.10798346870308
UPPER HORTON,-30.181499505037742,150.35868461030418
UPPER KANGAROO RIVER,-34.69317437869285,150.59311800165298
UPPER KANGAROO VALLEY,-34.64802014784658,150.62318380857457
UPPER KARUAH RIVER,-32.16526684779981,151.74452509704352
UPPER LANSDOWNE,-31.710263236799534,152.4672322666634
BLAKEHURST,-33.9928717925889,151.10941670446147
UPPER MACDONALD,-33.25056757082601,150.9165651406556
UPPER MAIN ARM,-28.490807151388346,153.39450677004393
UPPER MANGROVE,-33.290967975668515,151.1212145238663
UPPER MANILLA,-30.6009815608005,150.6608195742388
UPPER MONGOGARIE,-28.96944545307842,152.80440526781373
UPPER MYALL,-32.252487022475634,152.15579469829666
UPPER NILE,-32.96152937444612,150.25581532123954
UPPER ORARA,-30.286166668739938,152.98814148772212
UPPER PAPPINBARRA,-31.278734413774444,152.44145354241488
UPPER ROLLANDS PLAINS,-31.23140600696873,152.61332414080402
BLAKNEY CREEK,-34.64220557139973,149.04391151537527
UPPER ROUCHEL,-32.09829919963641,151.19262120393174
UPPER TAYLORS ARM,-30.777203988826034,152.6748371845414
UPPER TOOLOOM,-28.562436063585693,152.37320051546885
UPPER TURON,-33.113171070510525,149.7753566685712
UPPER WILSONS CREEK,-28.52379167967572,153.38259006059386
UPSALLS CREEK,-31.630219400688418,152.6472178237806
URALBA,-28.871542702864705,153.4762871224426
URALLA,-30.655957904603547,151.5124546277652
URANA,-35.32213560779581,146.23195359484927
URANGELINE,-35.43258432067249,146.59209608556665
BLAND,-34.01129684674684,147.63469296303637
URANGELINE EAST,-35.494820164044214,146.68842669813688
URANQUINTY,-35.202320166105274,147.2201499254643
URAWILKIE,-30.69454595799864,148.73052449492872
URBENVILLE,-28.459384431144745,152.5070927785759
URIARRA,-35.25266328500415,148.82075157236156
URILA,-35.55997341229697,149.28883433441644
URLIUP,-28.25783619524499,153.40497293580134
URUNGA,-30.51469274475044,152.99234522216514
UTUNGUN,-30.744454719543317,152.8280039818994
VACY,-32.53476879042715,151.56249013813482
ALLWORTH,-32.54161558792225,151.94509177989255
BLANDFORD,-31.754105708782333,150.89786176430044
VALE OF CLWYDD,-33.48667078956482,150.18176565000797
VALENTINE,-33.01508566231017,151.64284635634874
VALERY,-30.39633657093048,152.96244743239342
VALLA,-30.58081526790995,152.95371064438262
VALLA BEACH,-30.589247085274625,153.00774788561017
VALLEY HEIGHTS,-33.70998808120525,150.5844545096806
VARROVILLE,-34.00305348435844,150.8112067881835
VAUCLUSE,-33.85592050737215,151.27715608612976
VERGES CREEK,-31.086787924390933,152.8974626285974
VERONA,-36.44604104044438,149.80987520004177
BLAXLAND,-33.74397909184682,150.61667507148402
VILLAWOOD,-33.88399548399361,150.98314456111873
VINCENTIA,-35.074366133522716,150.67101216400388
VINEYARD,-33.64449351026324,150.850892078829
VIOLET HILL,-32.45109007956092,152.32088999448723
VITTORIA,-33.41746517008403,149.35004215718615
VOYAGER POINT,-33.958854953856644,150.9742436459861
WADALBA,-33.2724218901476,151.4649155938573
WADBILLIGA,-36.25390098028286,149.60987046524997
WADEVILLE,-28.562399935459926,153.1343885173716
WAGGA WAGGA,-35.108169403777374,147.35983207174783
BLAXLANDS CREEK,-29.883091239316567,152.79806492565595
WAGSTAFFE,-33.52206548238352,151.34101789432407
WAHROONGA,-33.721819559552245,151.11445255057927
WAITARA,-33.70926656491744,151.10595165873727
WAITUI,-31.6846517047756,152.54281746634948
WAKEFIELD,-32.96886417358668,151.5566700674474
WAKELEY,-33.874217926907086,150.90981202173202
WAKOOL,-35.4652836149609,144.35424278748908
WALANG,-33.453998803447604,149.7689041515472
WALBUNDRIE,-35.65255507639754,146.7033942640049
WALCHA,-31.05144213815044,151.73286156584226
BLAXLANDS RIDGE,-33.47377130673863,150.79698101382598
WALCHA ROAD,-30.926881292656034,151.4210064639009
WALDEGRAVE,-33.43795920801265,149.04825645640923
WALGETT,-29.979908127227983,148.056222902763
WALLA WALLA,-35.73606095059891,146.87497386150045
WALLABADAH,-31.549164847410232,150.87277226508493
WALLABI POINT,-31.991782965182008,152.56150462364758
WALLACETOWN,-34.974835438017074,147.47228623049102
WALLACIA,-33.88400189489857,150.64370110132492
WALLAGA LAKE,-36.37091404262381,150.06090610542128
WALLAGOOT,-36.766732496317196,149.91800962388385
BLAYNEY,-33.54313836615552,149.2571864877356
WALLALONG,-32.69442117806206,151.64852172562476
WALLAMORE,-31.040046894933116,150.82477614148485
WALLANBAH,-32.07939402332271,152.08932977401102
WALLANGRA,-29.26084590719327,150.91151774903688
WALLANTHERY,-33.23879244668379,145.89154387614266
WALLARAH,-33.22507751883641,151.46057696740647
WALLARINGA,-32.45449921796153,151.67096875279168
WALLAROBBA,-32.50266327085402,151.70090346317778
WALLAROO,-35.153358723405795,148.99360444508773
WALLENDBEEN,-34.5141274026739,148.11892148701918
BLIGH PARK,-33.63862732642148,150.7997343794604
WALLERAWANG,-33.42044812508522,150.05011376749832
WALLEROOBIE,-34.48393783460351,147.03033252151758
WALLINGAT,-32.30520688051257,152.43314654511707
WALLIS LAKE,-32.25260663081298,152.49007269534013
WALLSEND,-32.8995256048667,151.66094316385542
WALMER,-32.651754625784534,148.7428842644845
WAMBAN,-35.9767422197464,149.9789392667142
WAMBERAL,-33.415854649711285,151.4435365563685
WAMBOIN,-35.25080856660487,149.33293215895213
WAMBOOL,-33.50462747619609,149.76000922781012
BLIGHTY,-35.59936913183561,145.31104906716183
WAMBROOK,-36.180902943996884,148.9771331644001
WANAARING,-29.58270645919063,143.8847079104681
WANDANDIAN,-35.08260101593005,150.49703480486744
WANDELLA,-36.31669642482021,149.86202081753146
WANDERA,-29.66963849383343,151.14749628786237
WANDOOK,-35.42340533374747,145.02969179871513
WANDSWORTH,-30.01530455701278,151.4706630028559
WANG WAUK,-32.14263086745447,152.28149539426687
WANGANELLA,-35.102361168499264,144.76047851519454
WANGANUI,-28.566537705532003,153.38156386933744
BLOWERING,-35.5031885770413,148.25840706002097
WANGI WANGI,-33.07006629375023,151.58462321426768
WANTABADGERY,-35.00633611036419,147.72062129137268
WANTAGONG,-35.800533848050215,147.49575009506958
WANTIOOL,-34.884739518415905,147.67660258407685
WAPENGO,-36.57936067016387,149.97345143602726
WARABROOK,-32.88565394710734,151.7150477670314
WARATAH,-32.904921971717634,151.72388541218896
WARATAH WEST,-32.898906069977876,151.71323641010986
WARBURN,-34.17063240398593,145.9220508774843
WARDELL,-28.954477496982832,153.44953766743066
BLUE BAY,-33.35439051475046,151.50056156021077
