loca_2,representative_point_lat,representative_point_lng
NYORA,-38.306251495,145.68210089356614
NYRRABY,-35.229219305,143.22366848544777
OAK PARK,-37.718283375,144.91990173088385
OAKLANDS JUNCTION,-37.578136615000005,144.83373864601737
OAKLEIGH,-37.89912948,145.0950034079306
OAKLEIGH EAST,-37.90477449,145.11771114706636
OAKLEIGH SOUTH,-37.926852265,145.09123580927556
OAKVALE,-35.928991835,143.541662080986
ABBOTSFORD,-37.803722934999996,145.00002040985635
ALBION,-37.77574998,144.81549724560531
BELLS BEACH,-38.37694039,144.25186597427802
OCEAN GRANGE,-38.00818257,147.67062046454527
OCEAN GROVE,-38.258423475,144.5304636075483
OFFICER,-38.04887955,145.41189506508243
OFFICER SOUTH,-38.103800515,145.4246843023622
OLD TALLANGATTA,-36.201220085,147.25146033340275
OLINDA,-37.854404105,145.3694609065525
OMBERSLEY,-38.20592499,143.82474747056403
OMEO,-37.104146015,147.58224112731332
OMEO VALLEY,-36.94474798,147.6148362993972
ONDIT,-38.239211005,143.62093556507057
BELMONT,-38.180065015,144.3438818860415
ORBOST,-37.654932335,148.51007567103517
ORFORD,-38.206346765,142.10916480433306
ORMOND,-37.903230504999996,145.04464424150973
ORRVALE,-36.412745025,145.4468786662252
OSBORNES FLAT,-36.318149635,146.9014670685715
OUTTRIM,-38.530674085,145.7835040795843
OUYEN,-35.045680024999996,142.314341032043
OVENS,-36.605082374999995,146.78456842618556
OXLEY,-36.448018555,146.37324206920593
OXLEY FLATS,-36.39769638999999,146.39334499067076
BEMM RIVER,-37.716570575,148.92869994822917
OZENKADNOOK,-36.83909347,141.36222951238562
PAARATTE,-38.555442035,142.961679183556
PAINSWICK,-36.802807305,143.72322874801768
PAKENHAM,-38.07032652,145.47828814824865
PAKENHAM SOUTH,-38.14085982500001,145.5028803158864
PAKENHAM UPPER,-38.008562639999994,145.50970622263245
PANITYA,-35.1426425,141.0058061883857
PANMURE,-38.331484005,142.7350013119326
PANTON HILL,-37.640601005,145.24748082731247
PARADISE,-36.831341019999996,143.06627734825514
BENA,-38.432364715,145.73995013295763
PARADISE BEACH,-38.191972055,147.42123739239526
PARAPARAP,-38.29904994,144.18362448529786
PARK ORCHARDS,-37.776062485,145.21128057768658
PARKDALE,-37.9937475,145.0808565229542
PARKVILLE,-37.787160029999995,144.94957181180507
PARWAN,-37.739737325,144.46879571119274
PASCHENDALE,-37.6599955,141.61016117869303
PASCOE VALE,-37.72470613,144.9360992203733
PASCOE VALE SOUTH,-37.743167279999994,144.94031224936737
PASTORIA,-37.21399124,144.58114396142474
BENALLA,-36.570742519999996,145.99104943342996
PASTORIA EAST,-37.178019115,144.6307670881049
PATCHEWOLLOCK,-35.41747456,142.15888330303954
PATHO,-36.01642788,144.3705194213187
PATTERSON LAKES,-38.067620149999996,145.14626849371263
PATYAH,-36.892135015,141.27281468046493
PAYNESVILLE,-37.908513005,147.71197777860368
PEARCEDALE,-38.196267605,145.24956332722434
PEARSONDALE,-38.135789005,147.02862383416522
PEECHELBA,-36.16796033,146.18007117520094
PEECHELBA EAST,-36.155727105,146.25914959477637
BENAMBRA,-36.88917627,147.80170027102372
PELLUEBLA,-36.199329525,145.99025461109972
PENNYROYAL,-38.435432504999994,143.87272713040753
PENSHURST,-37.875759125,142.3371933010466
PENTAL ISLAND,-35.40134014,143.68595544316938
PENTLAND HILLS,-37.652778975000004,144.38002104556784
PERCYDALE,-37.078259935,143.3844174589304
PERONNE,-36.65335059,141.3542186919189
PERRY BRIDGE,-37.983084774999995,147.2629127923006
PETERBOROUGH,-38.589458625000006,142.89213157156826
PETTICOAT CREEK,-38.714507165,143.73385463896392
BENAYEO,-36.842549500000004,141.04282338711442
PHEASANT CREEK,-37.469569495,145.29401711488114
PIANGIL,-35.053093375,143.21721453005733
PICOLA,-35.95821253,145.1258969411096
PICOLA WEST,-35.965339125,145.0514110524722
PIEDMONT,-37.89529438,145.93832749835337
PIER MILAN,-35.23495705,142.6968252969107
PIGEON PONDS,-37.27900701,141.66249693780864
PIGGOREET,-37.7228497,143.63723511716648
PIMPINIO,-36.610489035,142.07753110793774
PINE GROVE,-36.217693,144.40668708614294
BEND OF ISLANDS,-37.700521035,145.27788122759455
PINE LODGE,-36.36280148,145.54678746664686
PINE MOUNTAIN,-36.012758105,147.8316036542834
PINE VIEW,-35.80377499,143.65361214377828
PIONEER BAY,-38.380960145,145.54917991434297
PIPERS CREEK,-37.250815725,144.54533718363092
PIRA,-35.25027219,143.356154381313
PIRIES,-37.1812282,146.13439112580278
PIRRON YALLOCK,-38.357612634999995,143.4266656394297
PITFIELD,-37.828964475,143.59720267715704
PITTONG,-37.67400326,143.47219752358924
BENDIGO,-36.755482009999994,144.28085256336675
PLENTY,-37.665458715,145.11264754653416
PLUMPTON,-37.664946205,144.69549055434157
POINT COOK,-37.905412119999994,144.7568657176506
POINT LEO,-38.415606915,145.0694099060461
POINT LONSDALE,-38.26615696,144.59820928465152
POINT WILSON,-38.03297594,144.52618963747176
POLISBET,-35.265170995000005,143.153659843725
POMBORNEIT,-38.295564505,143.29251942690797
POMBORNEIT EAST,-38.297216015000004,143.39293884605303
POMBORNEIT NORTH,-38.218910980000004,143.32922662115925
BENDOC,-37.188603285,148.89080464090875
POMONAL,-37.248241815,142.59127007363543
POMPAPIEL,-36.36082954,144.07213212922534
POOLAIJELO,-37.18360294,141.0779574549623
POOTILLA,-37.526534455000004,143.9587382579147
POOWONG,-38.33981248,145.763359110068
POOWONG EAST,-38.329235505,145.84165662973447
POOWONG NORTH,-38.28485644,145.78500211185616
PORCUPINE RIDGE,-37.277474655,144.19679463335973
POREPUNKAH,-36.679926820000006,146.92354536253052
PORT ALBERT,-38.690883275000004,146.67102017491857
ALEXANDRA,-37.19664007,145.7359721262838
BENGWORDEN,-37.974433405,147.43919100099865
PORT CAMPBELL,-38.612760120000004,143.01659442333346
PORT FAIRY,-38.32283113,142.16965728315492
PORT FRANKLIN,-38.687002515,146.26746640691925
PORT MELBOURNE,-37.83436644,144.9233246471241
PORT WELSHPOOL,-38.68988733,146.47708503329454
PORTARLINGTON,-38.140553999999995,144.67019238076054
PORTLAND,-38.363355295,141.60609189346928
PORTLAND NORTH,-38.30083705,141.56014960187858
PORTLAND WEST,-38.37547461,141.53831089627306
PORTSEA,-38.32375471,144.7096289126722
BENJEROOP,-35.490363685,143.84086291399166
POUND CREEK,-38.61907757,145.85224749556693
POWELLTOWN,-37.859396835,145.7730374374781
POWERS CREEK,-37.220762465,141.2439320046151
POWLETT PLAINS,-36.470739,143.8570655468003
PRAHRAN,-37.852900575,145.00611330101304
PRAIRIE,-36.294762985000006,144.21250775405218
PRANJIP,-36.735532379999995,145.38396199370374
PRESTON,-37.741642845,145.00691756638582
PRINCES HILL,-37.78192066,144.96669138372732
PRINCETOWN,-38.6534245,143.16880792366626
BENLOCH,-37.20206307,144.67542276483772
PUCKAPUNYAL,-36.931142019999996,144.93759066374884
PURA PURA,-37.82805835,143.07376582851464
PURDEET,-37.928823465,142.39311299472638
PURNIM,-38.27446702,142.61264167914823
PURNIM WEST,-38.29139875,142.5537253506788
PYALONG,-37.110467965,144.85057391011978
PYRAMID HILL,-36.039531975,144.175873748508
QUAMBATOOK,-35.85681553,143.53773824543197
QUANDONG,-37.835811754999995,144.50831224057944
QUANTONG,-36.75162848,142.04602759943032
BENNISON,-38.666172035,146.26916529205613
QUARRY HILL,-36.77547649,144.28040300005796
QUEENSCLIFF,-38.266248595,144.66343020241936
QUEENSFERRY,-38.419582919999996,145.50086705227724
RAGLAN,-37.341504130000004,143.3069572973032
RAINBOW,-35.908500939999996,141.9582306831536
RANCEBY,-38.373245635,145.84929839761548
RATHSCAR,-36.973995744999996,143.54468379145845
RATHSCAR WEST,-37.01152785,143.49114908988673
RAVENHALL,-37.772459875,144.73764631263134
RAVENSWOOD,-36.888974765,144.21066277405325
BENTLEIGH,-37.922793925,145.03780016849188
RAVENSWOOD SOUTH,-36.94585493,144.21382988035379
RAWSON,-37.961688890000005,146.40571823208768
RAYMOND ISLAND,-37.92190072,147.74463897957048
RAYWOOD,-36.51489454,144.18328205436802
RED CLIFFS,-34.33905366,142.21805510898508
RED HILL,-38.36194348,145.0132225684293
RED HILL SOUTH,-38.38413898,145.0418228887088
RED LION,-37.165774485,143.7686899482025
REDAN,-37.576709,143.8379948994725
REDBANK,-36.905675970000004,143.30009866794785
BENTLEIGH EAST,-37.922237975,145.06690714549998
REDCASTLE,-36.752698205,144.78190879815287
REDESDALE,-37.00195676,144.4723459767012
REEDY DAM,-35.944664735,142.64990018781347
REEDY LAKE,-35.667168005,143.8875238967595
REEFTON,-37.668369675,145.90143763411805
RESEARCH,-37.705581965,145.19046134474831
RESERVOIR,-37.71233434,145.00231202860726
REYNARD,-37.37464014,146.6333108620483
BENWERRIN,-38.491343549999996,143.89568672644322
RHEOLA,-36.649147955000004,143.6912893579223
RHYLL,-38.480062975,145.27439452201187
RHYMNEY,-37.21753657,142.77931328767326
RIACHELLA,-36.832139015,142.71311472469233
RICH AVON,-36.445686975,142.9099433276761
RICH AVON EAST,-36.513170775,142.89376616014292
RICH AVON WEST,-36.504665134999996,142.79971075337414
RICHMOND,-37.82199696,145.00254348620825
RICHMOND PLAINS,-36.39496552,143.48224501741853
RIDDELLS CREEK,-37.44731854,144.67917869471086
BEREMBOKE,-37.78793215,144.21802215484917
RIGGS CREEK,-36.66245481,145.58917409480938
RINGWOOD,-37.80997828,145.22832071410423
RINGWOOD EAST,-37.812313485000004,145.2485798307522
RINGWOOD NORTH,-37.79212914,145.2335068144509
RIPPLEBROOK,-38.19983104,145.76559720796524
RIPPLESIDE,-38.12376629,144.35531290448176
RIPPONLEA,-37.87806293,144.9955785673041
RIVERSIDE,-36.71629252,142.24534690932182
RIVERSLEA,-38.00671449,146.9506403295764
ROBERTSONS BEACH,-38.677262205000005,146.7408141072089
BERRIMAL,-36.498081275,143.47564949781696
ROBINVALE,-34.614182575,142.75234043693783
ROCHESTER,-36.365295945,144.6946400532516
ROCHFORD,-37.31265558,144.66673878976258
ROCKBANK,-37.729755585,144.64831507220885
ROCKLANDS,-37.2570615,142.02608614334133
ROCKLYN,-37.438603585,144.0667808323704
BERRINGA,-37.771317315,143.66900279055307
ROCKY POINT,-37.33724722,142.8507581209597
ROKEBY,-38.06704697,145.9280525933649
ROKEWOOD,-37.92642422,143.74264757546473
ROKEWOOD JUNCTION,-37.85104049,143.68489018905842
ROMSEY,-37.355138925,144.72582270803514
ROSANNA,-37.73979454,145.06988357904999
ROSE RIVER,-36.918189749999996,146.5718191679457
ROSEBERY,-35.82942702,142.42155743683566
ROSEBROOK,-38.345352445,142.26961750838296
ROSEBUD,-38.37115797,144.9158387598127
ALFREDTON,-37.55429711,143.80033730377687
BERRINGAMA,-36.198224535,147.65181789433404
ROSEDALE,-38.184226545,146.82677158094174
ROSES GAP,-36.976049525,142.4562119026562
ROSEWHITE,-36.576829364999995,146.8844959532522
ROSLYNMEAD,-36.137007545,144.52570530881633
ROSS CREEK,-37.647970135,143.76056113260535
ROSSBRIDGE,-37.524987010000004,142.86026183052724
ROSTRON,-36.76570964,143.17090199688613
ROWSLEY,-37.719000475,144.36780009207388
ROWVILLE,-37.92588608,145.23637736395514
BERRIWILLOCK,-35.64437602,142.96110558798927
ROXBURGH PARK,-37.62575067,144.92648217185592
RUBICON,-37.38571118,145.84689834057644
RUBY,-38.43660399,145.9206848432318
RUFFY,-36.94593528,145.4973547253374
RUNNING CREEK,-36.55081929,147.05335858317554
RUNNYMEDE,-36.54702,144.67123366900984
RUPANYUP,-36.641862509999996,142.68543396763584
RUSHWORTH,-36.586493485,145.0039350037689
RUSSELLS BRIDGE,-38.00747244,144.1825750388643
RUTHERGLEN,-36.063951995,146.4886108337451
BERRYBANK,-37.96901452,143.50182322540167
RYANS,-37.552031150000005,147.47017517258809
RYANSTON,-38.507896779999996,145.58760686393845
RYE,-38.386980525,144.81188165703327
RYTHDALE,-38.14085982500001,145.46192078861964
SAFETY BEACH,-38.31610378,145.00101799759682
SAILORS FALLS,-37.392464435,144.11468108549167
SAILORS GULLY,-36.706134485,144.23283019974622
SAILORS HILL,-37.359262945,144.1255044190646
BERRYS CREEK,-38.41278277,146.0679288113401
SALE,-38.10607502,147.08129396362602
SALISBURY WEST,-36.517839115,143.9390397607512
SAMARIA,-36.8092171,146.07483594863794
SAN REMO,-38.529276765000006,145.40818896587925
SANDFORD,-37.64789324,141.46377148474846
SANDHILL LAKE,-35.739253505,143.6926842429151
SANDHURST,-38.08127235,145.21081558451021
SANDON,-37.168134980000005,144.0385095217828
SANDRINGHAM,-37.95251538,145.0121431752156
SANDY CREEK,-36.360654495,147.1249580935607
BERWICK,-38.04209711,145.34447318453113
SANDY POINT,-38.818835820000004,146.12156200743573
SARGOOD,-37.588981815,146.74168549938454
SARSFIELD,-37.755408605,147.74404491803386
SASSAFRAS,-37.86424902,145.3528581240804
SAWMILL SETTLEMENT,-37.121078515,146.36739503275095
SCARSDALE,-37.67824454,143.6621991097601
SCORESBY,-37.90522582,145.22116266803775
SCOTCHMANS LEAD,-37.6667737,143.8481674296199
SCOTSBURN,-37.68614359,143.93263861855206
SCOTTS CREEK,-38.456642975,143.07553897142398
BESSIEBELLE,-38.149299545000005,141.93126263141272
SEA LAKE,-35.48407751,142.89555222017898
SEABROOK,-37.880824285,144.75821453482757
SEACOMBE,-38.128340109999996,147.4230148056335
SEAFORD,-38.106265504999996,145.14237719965757
SEAHOLME,-37.864613705,144.84462925187182
SEASPRAY,-38.332220070000005,147.1613810355479
SEATON,-37.94203753,146.68452583928698
SEAVIEW,-38.284638005000005,145.95742268771198
SEBASTIAN,-36.592381175,144.20404163157025
SEBASTOPOL,-37.602113285,143.83633361235286
BET BET,-36.923709020000004,143.7497102976826
SEDDON,-37.806693499999994,144.891970543396
SEDGWICK,-36.895263,144.31827604259928
SELBY,-37.917677035,145.38061321137428
SELWYN,-37.064226905,147.00198444900002
SEPARATION CREEK,-38.59906383,143.8938365777244
SERPENTINE,-36.43828211,143.9975001745734
SERVICETON,-36.390539739999994,141.02317773353306
SEVILLE,-37.798042035,145.48763673018883
SEVILLE EAST,-37.782567885000006,145.49883285528887
SEYMOUR,-37.03112401,145.16026186049658
BETE BOLONG,-37.68834991,148.29723089879673
SHADY CREEK,-38.102158474999996,146.07351169985978
SHANNONVALE,-36.93200648,147.42274843815068
SHAYS FLAT,-37.064793755,143.07934504198414
SHE OAKS,-37.896081415,144.14753648096348
SHEANS CREEK,-36.77377301,145.65316578332195
SHEEP HILLS,-36.354947515,142.55158661222765
SHELBOURNE,-36.838062985,144.06050224804306
SHELFORD,-37.9614866,143.91725298735105
SHELLEY,-36.199794710000006,147.54833706763878
SHEPHERDS FLAT,-37.273954515,144.10189961989968
BETE BOLONG NORTH,-37.59562425,148.29389715622148
SHEPPARTON,-36.37415217,145.40324587577402
SHEPPARTON EAST,-36.40361648,145.49680563913597
SHEPPARTON NORTH,-36.321957495,145.38867426241197
SHERBROOKE,-37.890228985,145.35944501886473
SHOREHAM,-38.42702642,145.0371877248258
SIDONIA,-37.163203595,144.5597892809369
SILVAN,-37.83199961,145.44133998510392
SILVERLEAVES,-38.45332808,145.27314764496253
SIMPSON,-38.51043091,143.25760368914294
SIMPSONS CREEK,-37.761848295,148.36593139361844
BETHANGA,-36.151955815,147.11625202439794
SIMSON,-36.994519995,143.77449680092633
SKENES CREEK,-38.71286983,143.709616861519
SKENES CREEK NORTH,-38.692625035,143.7154281882716
SKIBO,-38.205809345,143.12790817220395
SKINNERS FLAT,-36.352602000000005,143.58627781525928
SKIPTON,-37.69086452,143.3313006623389
SKYE,-38.104742125,145.21522713767826
SLATY CREEK,-36.536253495,143.29303332771775
SMEATON,-37.306302015,143.96338011689875
SMITHS BEACH,-38.502871925,145.255999980018
ALLAMBEE,-38.29780134,146.01801708676894
BETLEY,-36.91775877,143.79442118566152
SMITHS GULLY,-37.62874074,145.28964903603585
SMOKEYTOWN,-37.39898542,143.9196912016659
SMOKO,-36.82244453,147.06609966581544
SMYTHES CREEK,-37.602862515,143.76716801738712
SMYTHESDALE,-37.645488959999994,143.66896583073094
SNAKE ISLAND,-38.747515985,146.5513623290519
SNAKE VALLEY,-37.612488995,143.57569566336355
SOLDIERS HILL,-37.551150500000006,143.85930845386642
SOMERS,-38.38058607,145.15538688825296
SOMERTON,-37.63373131,144.94753344736392
BEULAH,-35.921581384999996,142.4200510207143
SOMERVILLE,-38.230007810000004,145.2038407719716
SORRENTO,-38.343803115,144.73950446824531
SOUTH DUDLEY,-38.59466749,145.57473474406135
SOUTH GEELONG,-38.1679395,144.36515660843364
SOUTH KINGSVILLE,-37.829465115,144.87026411107448
SOUTH MELBOURNE,-37.834004995,144.9606544536883
SOUTH MORANG,-37.63765689,145.08600172097084
SOUTH PURRUMBETE,-38.347884109999995,143.20558070980218
SOUTH YARRA,-37.838009445,144.99146131797195
SOUTHBANK,-37.825414665,144.9635673747515
BEVERFORD,-35.22163322,143.479459631206
SOUTHERN CROSS,-38.288956555,142.40371463553674
SPARGO CREEK,-37.489732724999996,144.145560139736
SPEED,-35.405127445,142.4242589683162
SPEEWA,-35.221168004999996,143.51618543213146
SPOTSWOOD,-37.829337165,144.88642785125143
SPRING GULLY,-36.799262459999994,144.28874348135776
SPRING HILL,-37.297565559999995,144.34859548527942
SPRINGBANK,-37.51975977,144.05994950555348
SPRINGDALLAH,-37.748856075,143.6236136222746
BEVERIDGE,-37.47561554,144.97423865768144
SPRINGHURST,-36.21049105,146.47818195512085
SPRINGMOUNT,-37.415016975,143.9336395234053
SPRINGVALE,-37.943979675,145.16327270142625
SPRINGVALE SOUTH,-37.971832070000005,145.14861578543207
ST ALBANS,-37.74795947,144.811606998405
ST ALBANS PARK,-38.19752199,144.39129488802587
ST ANDREWS,-37.579442875,145.28583718501625
ST ANDREWS BEACH,-38.41930372,144.83161185382502
ST ARNAUD,-36.62362952,143.23613242217652
BIG DESERT,-35.641722255,141.48012164426297
ST ARNAUD EAST,-36.629854365,143.32082117519798
ST ARNAUD NORTH,-36.592434995000005,143.16605161507297
ST CLAIR,-38.58405302,145.6511156377265
ST GERMAINS,-36.203515845,145.15153964021465
ST HELENS,-38.24952446,142.05473508307162
ST HELENS PLAINS,-36.775168145,142.42812263036205
ST KILDA,-37.8642323,144.98121133128774
ST KILDA EAST,-37.868015995,145.00441054988707
ST KILDA WEST,-37.858491650000005,144.9716196177372
ST LEONARDS,-38.18140271,144.6797669134719
STACEYS BRIDGE,-38.55663802,146.51512886915992
STAFFORDSHIRE REEF,-37.73421797,143.68381681867598
STAGHORN FLAT,-36.23982484,146.9301181702932
STANHOPE,-36.46259547,144.98194819008518
STANHOPE SOUTH,-36.491686765,145.04102513620933
STANLEY,-36.387833685000004,146.7758240042388
STAUGHTON VALE,-37.84706399,144.2577002286734
STAVELY,-37.604154539999996,142.6249264905996
STAWELL,-37.04473648,142.76966688035986
STEELS CREEK,-37.580956785,145.38177753328642
STEIGLITZ,-37.867218965,144.1869078910418
STEWARTON,-36.415239220000004,145.81315322827191
STIRLING,-37.453042120000006,147.70926029775632
STOCKDALE,-37.824556325,147.19756890478004
STOCKYARD HILL,-37.545246414999994,143.2880555553093
STONEHAVEN,-38.123129015,144.2250742372516
STONELEIGH,-37.58357852,143.23064920153706
STONYFORD,-38.331475085,143.30837582643647
BIG PATS CREEK,-37.76760165,145.75998520843675
STRADBROKE,-38.277926664999995,147.03849303575188
STRANGWAYS,-37.143941905000005,144.0913229587175
STRATEN,-35.3735389,142.5744490953296
STRATFORD,-37.946270945,147.11461918759915
STRATH CREEK,-37.246639155,145.23061854233364
STRATHALLAN,-36.259987644999995,144.77094826589644
STRATHBOGIE,-36.877229845,145.76649793108544
STRATHDALE,-36.768187084999994,144.3186534695813
STRATHDOWNIE,-37.73834047,141.11789673443747
STRATHEWEN,-37.540195600000004,145.27396119794372
BIGGARA,-36.342086225,148.0122981100239
STRATHFIELDSAYE,-36.8054883,144.3630430963815
STRATHKELLAR,-37.702622755,142.11691127130894
STRATHLEA,-37.148922584999994,143.9729160990811
STRATHMERTON,-35.904645015,145.4486488617373
STRATHMORE,-37.729952104999995,144.92061833659398
STRATHMORE HEIGHTS,-37.71423859,144.8995295036146
STREATHAM,-37.6382575,143.09059915878194
STRZELECKI,-38.343164924999996,145.89868924220036
STUART MILL,-36.79460068,143.28272792905793
SUGARLOAF,-38.690993934999995,143.79653549890102
BILLABONG,-37.251529115,146.81697780567234
SUGARLOAF CREEK,-37.125701910000004,145.0247618982752
SUGGAN BUGGAN,-36.91655983,148.3368722543566
SULKY,-37.45874848,143.8638457744824
SUMMERLANDS,-38.507398789999996,145.14520776738354
SUNBURY,-37.55339383,144.71353718845165
SUNDAY CREEK,-37.254360000000005,145.0475898119107
SUNDERLAND BAY,-38.503167,145.27296335828
SUNSET STRIP,-38.495170279999996,145.2660381300584
SUNSHINE,-37.789716475000006,144.83577987856705
SUNSHINE NORTH,-37.76261129,144.83695683654062
ALLAMBEE RESERVE,-38.304637235,146.05203666447744
BIMBOURIE,-35.33543894,142.76250654070935
SUNSHINE WEST,-37.799250990000004,144.80593442090586
SURF BEACH,-38.507818115000006,145.29006644078368
SURREY HILLS,-37.825287855,145.10029757837117
SUTHERLAND,-36.53607997,143.19540045657266
SUTHERLANDS CREEK,-38.012775000000005,144.21807709675568
SUTTON,-35.722787025,142.9735797700219
SUTTON GRANGE,-36.98730725,144.37048918237429
SWAN BAY,-38.23397201,144.66758895081307
SWAN HILL,-35.362115985,143.51271448105396
SWAN HILL WEST,-35.368760519999995,143.39804121016226
BINDI,-37.10963498,147.84504855957198
SWAN ISLAND,-38.24960054,144.68022280595946
SWAN MARSH,-38.373748320000004,143.35415306531064
SWAN REACH,-37.815295145,147.87655685759452
SWANPOOL,-36.727154035,145.9912839566072
SWANWATER,-36.53685651,143.1049922921269
SWANWATER WEST,-36.519467525,143.0163963789347
SWIFTS CREEK,-37.2494362,147.75923216304668
SYDENHAM,-37.696081680000006,144.76303033029635
SYLVATERRE,-36.0757,144.23245031246597
TABBERABBERA,-37.55806794,147.37543501386563
BINGINWARRI,-38.594290029999996,146.4481028440806
TABILK,-36.85523427,145.17873674522454
TABOR,-37.830911505,142.18991567842585
TAGGERTY,-37.349841999999995,145.72594993629363
TAHARA,-37.743103985000005,141.7347225643905
TAHARA BRIDGE,-37.682141009999995,141.65652850171352
TAHARA WEST,-37.732533755,141.62653963041612
TALBOT,-37.180736015,143.69475231030384
TALGARNO,-36.06495231,147.15944097856323
TALLANGATTA,-36.235389510000005,147.1827887188889
TALLANGATTA EAST,-36.213337984999995,147.2758106135595
BINGO MUNJIE,-37.007769305,147.56295242778117
TALLANGATTA VALLEY,-36.325198040000004,147.43295001517163
TALLAROOK,-37.129960014999995,145.12241857440011
TALLYGAROOPNA,-36.240757235000004,145.44075255827244
TAMBO CROSSING,-37.497947715,147.8357879196665
TAMBO UPPER,-37.762822209999996,147.87915800448894
TAMBOON,-37.68020402,149.18705130168925
TAMBORITHA,-37.435463125,146.69092007562324
TAMINICK,-36.395128525000004,146.18220120292483
TAMLEUGH,-36.587909374999995,145.57895000743412
TAMLEUGH NORTH,-36.531047505000004,145.58353162124706
BIRCHIP,-35.998639495000006,142.92450914381578
TANDAROOK,-38.31707441,143.18480429478996
TANDARRA,-36.43904202,144.20655998358626
TANGAMBALANGA,-36.24166562,147.04019142501997
TANJIL,-37.94333769000001,146.21806179116794
TANJIL BREN,-37.85183058,146.14794234638018
TANJIL SOUTH,-38.0998897,146.26543735859138
TANTARABOO,-37.240398185000004,144.8247468566816
TANWOOD,-37.0093825,143.387090705738
TANYBRYN,-38.656696995000004,143.71816458983204
TARADALE,-37.140771470000004,144.34444556698227
BIRCHIP WEST,-36.0159415,142.81564309493064
TARCOMBE,-36.965779635,145.31780978794444
TARILTA,-37.178094525,144.19038509315624
TARNAGULLA,-36.77536447,143.83065880032893
TARNEIT,-37.836338985,144.65951234463665
TARNOOK,-36.535590625,145.8614045910479
TAROON,-38.331676200000004,142.86899940704126
TARRA VALLEY,-38.469620985000006,146.5504499915312
TARRANYURK,-36.223448219999995,142.09833906113434
TARRAVILLE,-38.62560173,146.74961910191666
TARRAWARRA,-37.656581965,145.4427604512971
BIRDWOODTON,-34.199702,142.06860963721016
TARRAWINGEE,-36.386175135,146.4611002553109
TARRAYOUKYAN,-37.304667495000004,141.55684758449144
TARRENGOWER,-37.005427025,144.0152019097758
TARRENLEA,-37.67700541,141.73725266639923
TARRINGTON,-37.76697002,142.12191302228234
TARRONE,-38.227146505,142.1949664597511
TARWIN,-38.598916065,145.95380270685774
TARWIN LOWER,-38.773582155,145.91678180724142
TATONG,-36.763956485,146.16194793373757
TATURA,-36.44748303,145.22276661915677
BIRREGURRA,-38.34293967,143.82349798244218
TATURA EAST,-36.447497525,145.29554691682463
TATYOON,-37.500815975,142.99394869104745
TAWONGA,-36.67379358,147.17119170934788
TAWONGA SOUTH,-36.762540075,147.13878431695974
TAYLOR BAY,-37.20644065,145.88837230959382
TAYLORS HILL,-37.714878174999996,144.75336773384626
TAYLORS LAKES,-37.69668629,144.7822585639812
TEAL POINT,-35.682168005,144.04914024652476
TECOMA,-37.90684421,145.34370145975782
TEDDYWADDY,-36.19488555,143.33210771529343
BITTERN,-38.3383323,145.17480639653255
TEDDYWADDY WEST,-36.188821015,143.21364112203463
TEESDALE,-38.02432349,144.04756316853644
TELANGATUK EAST,-37.120301755,142.01610483921536
TELFORD,-36.103917530000004,145.95188413535544
TELOPEA DOWNS,-36.04060155,141.10773103469035
TEMPLESTOWE,-37.756269515,145.14436593183666
TEMPLESTOWE LOWER,-37.764296494999996,145.11432058792036
TEMPY,-35.288850124999996,142.4371579233548
TENBY POINT,-38.41399975,145.47478592688861
TENNYSON,-36.29464943,144.3765787836178
BLACK HILL,-37.54986799,143.8732521111782
TERANG,-38.24676641,142.87687457553568
TERIP TERIP,-37.0150015,145.54224415846826
TERRAPPEE,-36.153190185,143.57615992571675
TERRICK TERRICK,-36.11659156,144.25731691536117
TERRICK TERRICK EAST,-36.10606256,144.3908080865886
TESBURY,-38.300394365,143.15732467467407
TETOORA ROAD,-38.280309994999996,145.88637678053743
THALIA,-36.10808804,143.0841314000618
THALLOO,-38.08390179,146.30817134267426
THE BASIN,-37.855956164999995,145.31869001053707
ALLAMBEE SOUTH,-38.353386470000004,146.101515450616
BLACK RANGE,-37.133704045,142.76560668575235
THE COVE,-38.492597585,142.6970589647171
THE GURDIES,-38.389790500000004,145.56831429384422
THE HEART,-38.11377695,147.1853126043501
THE HONEYSUCKLES,-38.3361087,147.23098240560407
THE PATCH,-37.891147015,145.40127938129712
THE SISTERS,-38.187118115000004,142.79035134032267
THOLOGOLONG,-35.98906095,147.42294373868208
THOMASTOWN,-37.6832155,145.00672612079484
BLACK ROCK,-37.973489404999995,145.02434435496556
THOONA,-36.35119649000001,146.0690402339132
THORNBURY,-37.758438525,145.00484694317532
THORNTON,-37.272693509999996,145.81540416619373
THORPDALE,-38.303917975,146.18070867262702
THORPDALE SOUTH,-38.331865875000005,146.14245593488394
THOWGLA VALLEY,-36.27210608,147.92530883353032
THREE BRIDGES,-37.851907925,145.6801731028346
TIDAL RIVER,-39.03173382,146.32051135150527
TIMBARRA,-37.49005263,147.93709118139776
TIMBOON,-38.48427653,142.96304589673116
BLACKBURN,-37.821494799999996,145.15100213802708
TIMBOON WEST,-38.537234305,142.92301740548618
TIMMERING,-36.348705605,144.88194087035458
TIMOR,-36.98167348,143.72831649286087
TIMOR WEST,-36.957824134999996,143.67304207177415
TINAMBA,-37.974001305,146.88336979848373
TINAMBA WEST,-37.922617315,146.82733542026548
TINTALDRA,-36.054098984999996,147.92109944976806
TOL TOL,-34.649576275,142.81993863392634
TOLMIE,-36.912014479999996,146.3039725942204
BLACKBURN NORTH,-37.804714360000006,145.15531406863482
TOM GROGGIN,-36.58280897,148.10106008770276
TONGALA,-36.24738602,144.96836048307
TONGHI CREEK,-37.602234155000005,149.0623879530027
TONGIO,-37.168702005,147.69881108765475
TONIMBUK,-38.015041395,145.72254208507246
TOOAN,-36.81377857,141.7821488680827
TOOBORAC,-37.04757647,144.80330255469164
TOOLAMBA,-36.496174315000005,145.33419890736064
TOOLAMBA WEST,-36.48183602,145.26823453882827
TOOLANGI,-37.51839878,145.5061915265486
BLACKBURN SOUTH,-37.839698,145.14699847408082
TOOLERN VALE,-37.59842465,144.58404133929616
TOOLLEEN,-36.716401725,144.69676202208527
TOOLOME,-37.619541745,147.05416101731944
TOOLONDO,-37.013042295000005,141.88429840220488
TOOLONG,-38.313200609999996,142.24338255362716
TOOMBON,-37.741389005,146.44942249685835
TOONGABBIE,-38.03544305,146.57214124497153
TOORA,-38.65280206,146.30415077034397
TOORA NORTH,-38.60712096,146.33801413878678
TOORADIN,-38.19893813,145.38545116692143
BLACKHEATH,-36.48136749,142.28619504155375
TOORAK,-37.841110875,145.018054642221
TOORLOO ARM,-37.79473711,148.06823183940423
TOORONGO,-37.778734755,146.08316114620277
TOOTGAROOK,-38.377097985,144.85022864291608
TORQUAY,-38.312914864999996,144.32584209483085
TORRITA,-35.12123848,141.9307701502018
TORRUMBARRY,-36.02987053,144.5193178319301
TORWOOD,-38.257362635,145.87243222923954
TOSTAREE,-37.78551442,148.20225406139326
TOTTENHAM,-37.805810175000005,144.8540279093033
BLACKWARRY,-38.41310199,146.61700302874186
TOTTINGTON,-36.76633149,143.07943212704316
TOURELLO,-37.3537745,143.78804602421775
TOWAN,-35.147958035,143.22355848984793
TOWANINNY,-35.844263549999994,143.36514099784446
TOWANINNY SOUTH,-35.937864135,143.33471446927376
TOWER HILL,-38.330183785,142.35347608544063
TOWONG,-36.11955881,147.9569324608152
TOWONG UPPER,-36.20989072,148.01031085633338
TRAFALGAR,-38.161548010000004,146.13161176217653
TRAFALGAR EAST,-38.170317025,146.18848695780432
BLACKWOOD,-37.488796035,144.2868939363659
TRAFALGAR SOUTH,-38.244172025,146.16245797123568
TRAGOWEL,-35.84302554,143.96853953795335
TRARALGON,-38.202047480000004,146.51977645536738
TRARALGON EAST,-38.1899945,146.58702564936678
TRARALGON SOUTH,-38.286013475000004,146.55425222224503
TRAVANCORE,-37.782035015,144.93616750802644
TRAWALLA,-37.44639104,143.4944309622234
TRAWOOL,-37.130675495,145.23914189073633
TRAYNORS LAGOON,-36.57603652,142.99172448032942
TREMONT,-37.878489295,145.31475686021025
BLAIRGOWRIE,-38.37066102,144.77354887782542
TRENTHAM,-37.384915175,144.32968947359956
TRENTHAM EAST,-37.41503319,144.40469662028062
TRESCO,-35.499541175000005,143.688194440158
TRESCO WEST,-35.505552535,143.63452035710884
TRIDA,-38.321485534999994,145.9716738617983
TRUGANINA,-37.802087145,144.71076023227562
TUERONG,-38.297586499999994,145.0912156743642
TULKARA,-36.941810015,143.04645096752898
TULLAMARINE,-37.703050515,144.87962474156734
TUNGAMAH,-36.163575485,145.89091125879384
BLAKEVILLE,-37.47759502,144.20814039095768
TUROAR,-35.180531845000004,143.08526315745002
TURRIFF,-35.4570718,142.4456782644072
TURRIFF EAST,-35.445654024999996,142.58154790731194
TURTONS CREEK,-38.54709851,146.23307979471716
TUTYE,-35.19182551,141.48715571166738
TYAAK,-37.22017717,145.1390472898868
TYABB,-38.266351515,145.18958972419316
TYENNA,-35.32499294,142.5759741344885
TYERS,-38.141203895000004,146.47632895743536
TYLDEN,-37.32317956999999,144.41060106943888
ALLANS FLAT,-36.295660760000004,146.94348298202576
BLAMPIED,-37.352083609999994,144.02191611611397
TYLDEN SOUTH,-37.35419649,144.37396301602894
TYNONG,-38.094276305,145.62202777138106
TYNONG NORTH,-38.028614899999994,145.63783783552157
TYNTYNDER,-35.241442410000005,143.5400477168725
TYNTYNDER SOUTH,-35.271750569999995,143.50434240065533
TYRENDARRA,-38.207565955,141.78518790751923
TYRENDARRA EAST,-38.248671265,141.8936579569647
TYRRELL,-35.43246141,142.9868857214208
TYRRELL DOWNS,-35.325395845,142.93442952363586
ULLINA,-37.28074574,143.8912317083367
BLIND BIGHT,-38.214510700000005,145.33463697749852
ULLSWATER,-36.915597015,141.41596978135783
ULTIMA,-35.480506485,143.2667000018816
ULTIMA EAST,-35.430945,143.37308456060833
ULUPNA,-35.831269324999994,145.4673474595624
UNDERA,-36.24214842,145.21376411660435
UNDERBOOL,-35.13773519,141.82070670970512
UPOTIPOTPON,-36.502933865,145.79681615996088
UPPER FERNTREE GULLY,-37.898977009999996,145.31001635713568
UPPER GUNDOWRING,-36.516585895,147.08738393296738
UPPER LURG,-36.58627334,146.19664269647126
BLOWHARD,-37.4290655,143.7876889333894
UPPER PLENTY,-37.414969799999994,145.06194283280138
UPPER RYANS CREEK,-36.67117546,146.20533885430268
UPTON HILL,-36.893515415,145.40674820094677
UPWEY,-37.90511971,145.32534759761162
VALENCIA CREEK,-37.77301346,146.99941090254617
VASEY,-37.332352415,141.88615388904142
VAUGHAN,-37.15928847,144.21612996986102
VECTIS,-36.712591474999996,142.07878206364347
VENTNOR,-38.492917254999995,145.18428385278634
VENUS BAY,-38.678562,145.79383559710948
BO PEEP,-37.54556752,143.66615501406255
VERMONT,-37.83869587,145.19963663178817
VERMONT SOUTH,-37.855325934999996,145.18771191063365
VERVALE,-38.138194005,145.66164197798378
VESPER,-37.875076735,146.06882511568284
VICTORIA POINT,-37.506610015,142.222322908671
VICTORIA VALLEY,-37.522800465,142.32197923852505
VIEWBANK,-37.740655075,145.09175572708483
VINIFERA,-35.212348045,143.3922412014054
VIOLET TOWN,-36.618888,145.7105305511285
VITE VITE,-37.85465397,143.1555815373666
BOBINAWARRAH,-36.53609951,146.48946529214766
VITE VITE NORTH,-37.79229324,143.18646827394042
W TREE,-37.32969545,148.30017214054348
WAAIA,-36.046140980000004,145.310740311041
WAANYARRA,-36.82114311,143.8137320765975
WAARRE,-38.57534266,143.04612763614588
WABONGA,-37.07312044,146.59348928149615
WAGGARANDALL,-36.249177035,145.78214602946616
WAHGUNYAH,-36.00283614,146.42556971854123
WAHRING,-36.6952415,145.25908539194495
WAIL,-36.534674755,142.09404772465248
BOCHARA,-37.690409275,141.9007620266414
WAIREWA,-37.69511297,148.16294295474512
WAITCHIE,-35.39599461,143.0840779281919
WAL WAL,-36.808721475,142.5954678177402
WALDARA,-36.31965239,146.2844079352452
WALHALLA,-37.938372955,146.47034620215638
WALHALLA EAST,-37.934455,146.57975028343654
WALKERVILLE,-38.809696015,145.9924487766412
WALKERVILLE SOUTH,-38.860497804999994,145.99613195362042
WALLACE,-37.56167096,144.0558159309299
WALLACEDALE,-37.92643853,141.81274231891604
BOGONG,-36.7969612,147.2215428320158
WALLAGARAUGH,-37.435584320000004,149.74498683746486
WALLALOO,-36.756109015,142.8721437877278
WALLALOO EAST,-36.806996875,142.92640615640556
WALLAN,-37.40690246,144.9621367036014
WALLINDUC,-37.87291449,143.52398559676897
WALLINGTON,-38.228525515,144.50702534732682
WALLUP,-36.360000740000004,142.25498917420322
WALMER,-36.97725148,144.17059176478875
WALPA,-37.79156397,147.38569865925092
WALPEUP,-35.1096335,142.0442240206487
BOHO,-36.668642985000005,145.79587327299862
WALWA,-35.99525348,147.72769646068568
WANALTA,-36.595398855,144.90867071252592
WANDANA HEIGHTS,-38.177201525,144.2990313369703
WANDELLA,-35.738223515,143.8276162361118
WANDILIGONG,-36.807431465,146.9672349303164
WANDIN EAST,-37.8131156,145.45541385836805
WANDIN NORTH,-37.779922985,145.42671812848323
WANDO BRIDGE,-37.442496825,141.42327148604699
WANDO VALE,-37.487911865,141.49128077557998
WANDONG,-37.352969744999996,145.03566048548726
BOHO SOUTH,-36.772787550000004,145.82712022593472
WANDOWN,-34.820780655,142.93817964598003
WANGANDARY,-36.328199645,146.22768978539807
WANGARABELL,-37.3967325,149.4815898957625
WANGARATTA,-36.365364494999994,146.31207906017337
WANGARATTA SOUTH,-36.397986245,146.25078112501535
WANGIE,-35.68968212,143.27495001865952
WANGOOM,-38.330269475,142.58112905531408
WANNON,-37.660309095,141.8306783517071
WANTIRNA,-37.8534379,145.2250451928664
WANTIRNA SOUTH,-37.87063086,145.2210343815469
BOIGBEAT,-35.56150435,142.9572200159044
WARANGA,-36.49173017,145.06833798499332
WARANGA SHORES,-36.548650625,145.09086150451418
WARATAH BAY,-38.798458005,146.05983878772997
WARBURTON,-37.734684075000004,145.6969217977806
WAREEK,-36.990365985,143.6171233329589
WARGAN,-34.184455485,141.84696880795534
WARMUR,-36.090985114999995,142.7467436710056
WARNCOORT,-38.315270075,143.71729154372213
WARNE,-35.79226726,143.11090187703275
WARNEET,-38.228867475,145.32193826204974
ALLANSFORD,-38.403855515000004,142.5978443403887
BOINKA,-35.157568999999995,141.58866293740294
WARRABKOOK,-37.9842523,142.06192952348133
WARRACKNABEAL,-36.23536,142.43623166516
WARRAGUL,-38.150475505,145.9302796256021
WARRAGUL SOUTH,-38.215947944999996,145.92197453556318
WARRAGUL WEST,-38.171125655,145.88216343270489
WARRAK,-37.28760434,143.11302549137758
WARRANDYTE,-37.751063810000005,145.21117908307247
WARRANDYTE SOUTH,-37.76023662,145.2461314871622
WARRANWOOD,-37.773113665,145.25063622018808
WARRAYURE,-37.718062495,142.1720213446639
BOISDALE,-37.856388124999995,146.96544390001836
WARRENBAYNE,-36.707122115000004,145.89250110823727
WARRENHEIP,-37.57742585,143.92524004347024
WARRENMANG,-37.070859784999996,143.297817287556
WARRION,-38.230293135,143.55579533331044
WARRNAMBOOL,-38.36988647,142.49671714074637
WARROCK,-37.430482995000006,141.2837694921068
WARRONG,-38.197355365,142.31140492673057
WARTOOK,-37.003530005,142.40128509289661
WATCHEM,-36.14950763,142.87464562339312
WATCHEM WEST,-36.188228595,142.73359895512596
BOLANGUM,-36.715392955,142.9980753559442
WATCHUPGA,-35.773944005000004,142.69066171617038
WATERFORD PARK,-37.30050628,145.06639641042568
WATERHOLES,-37.64679023,147.6949170376443
WATERLOO,-37.364175505,143.43494611126152
WATERWAYS,-38.01568709,145.12973423051437
WATSONIA,-37.70997011,145.08199282175173
WATSONIA NORTH,-37.695418925,145.08649938809032
WATSONS CREEK,-37.663745015,145.26096601573536
WATTLE BANK,-38.575928745,145.70636547232593
WATTLE CREEK,-36.962195015,143.0914733565844
BOLINDA,-37.438351255,144.77955159920856
WATTLE FLAT,-37.480819005,143.94603432676885
WATTLE GLEN,-37.670031589999994,145.1876589071767
WATTLE HILL,-38.754377675,143.25471036838434
WAUBRA,-37.335335995,143.63179011852569
WAURN PONDS,-38.204397505,144.27980565518087
WAYGARA,-37.766423965,148.31848176196445
WEATHERBOARD,-37.43452036,143.67172743521024
WEDDERBURN,-36.423980505,143.59291485557628
WEDDERBURN JUNCTION,-36.430980525,143.69985668677677
WEE WEE RUP,-35.861372985,144.29179042788206
BOLTON,-34.959767490000004,142.93753272158995
WEEAPROINAH,-38.6316415,143.49328815677552
WEERING,-38.091747975000004,143.70265894851963
WEERITE,-38.22064553,143.2631703707549
WEHLA,-36.61080615,143.62113062158397
WELLSFORD,-36.718189280000004,144.36399497955398
WELSHMANS REEF,-37.06556647,144.04636597905613
WELSHPOOL,-38.668063610000004,146.43589096589125
WEMEN,-34.80430346,142.66218676503098
WENDOUREE,-37.530986495,143.82667775359897
WENSLEYDALE,-38.373752190000005,144.05183900228892
BOLWARRA,-38.280570905,141.6036982605911
WENTWORTH,-37.30104804,147.4961495025308
WERNETH,-37.936976535,143.60134253357725
WERONA,-37.238372670000004,144.021757977967
WERRIBEE,-37.907984,144.64167718701927
WERRIBEE SOUTH,-37.935526005,144.70229426954427
WERRIMULL,-34.413928505,141.5623082826056
WESBURN,-37.76777947,145.63654085620288
WEST BENDIGO,-36.75154317,144.2456122427699
WEST CREEK,-38.554832250000004,145.60960449165634
WEST FOOTSCRAY,-37.80161178,144.87193649405066
BOLWARRAH,-37.508931634999996,144.10775263375922
WEST MELBOURNE,-37.810596785,144.92042534693593
WEST WODONGA,-36.1007525,146.82864484055625
WESTBURY,-38.14424002,146.22302754013273
WESTBY,-35.63845650499999,143.96961752299984
WESTMEADOWS,-37.676092505,144.8880937227884
WESTMERE,-37.681020090000004,142.9622139965003
WHANREGARWEN,-37.222035195000004,145.62121074068608
WHARPARILLA,-36.079948495,144.63959426879455
WHEATSHEAF,-37.337262495000004,144.2427923129156
WHEELERS HILL,-37.90727655,145.18288819993938
BONA VISTA,-38.2066633,145.96925413941563
WHIPSTICK,-36.65350699,144.26583683864067
WHIRILY,-35.92302499,142.9885008612046
WHITE HILLS,-36.727698075,144.30281148180035
WHITEHEADS CREEK,-37.05182759,145.2585115433671
WHITELAW,-38.437897085,145.77298461660973
WHITFIELD,-36.751611,146.41826524007263
WHITLANDS,-36.812786115,146.3736907700183
WHITTINGTON,-38.176934994999996,144.39240946523336
WHITTLESEA,-37.4673759,145.12045187963702
WHOOREL,-38.37122255,143.83337163293268
BONANG,-37.14890546,148.6478444661917
WHOROULY,-36.518945305,146.58560635679245
WHOROULY EAST,-36.543661799999995,146.63400696741587
WHOROULY SOUTH,-36.592467195,146.5973095905838
WHROO,-36.682762075,145.0502943321368
WICKLIFFE,-37.70564797,142.72063812835398
WILBY,-36.141589485,146.02597740393566
WILD DOG VALLEY,-38.36938688,145.94466729934788
WILDWOOD,-37.564750355,144.80154988560054
WILKUR,-36.084171635000004,142.64258884600173
WILLANGIE,-35.724644805,142.81789754587012
BONBEACH,-38.06301104,145.1279183318175
WILLATOOK,-38.15145633,142.22687994124738
WILLAURA,-37.521044515,142.72155924062235
WILLAURA NORTH,-37.38813829,142.74789545098236
WILLENABRINA,-36.051486374999996,142.2258838191209
WILLIAMSTOWN,-37.861130945,144.888477014361
WILLIAMSTOWN NORTH,-37.85321397,144.86859208329065
WILLOW GROVE,-38.07773186,146.16413104058518
WILLOWMAVIN,-37.248934434999995,144.87674665035289
WILLOWVALE,-37.84031212,143.46389576947792
WILLUNG,-38.26552045,146.84329386556377
ALLENDALE,-37.364243495,143.91232129426643
BONEGILLA,-36.144427015000005,146.98551255064046
WILLUNG SOUTH,-38.322961,146.83654259129608
WILSONS HILL,-36.72934849,144.08919538452054
WILSONS PROMONTORY,-38.95670214,146.35147835914185
WIMBLEDON HEIGHTS,-38.480310505000006,145.23455391554316
WINCHELSEA,-38.23354853,143.9669654918544
WINCHELSEA SOUTH,-38.323220004999996,143.98261573419884
WINDERMERE,-37.485098585,143.71581085381416
WINDSOR,-37.85473437,144.99281231431152
WINGAN RIVER,-37.629595405,149.52775790747535
WINGEEL,-38.0783086,143.8055613090417
BONEO,-38.40831499,144.90179704501637
WINJALLOK,-36.84026072,143.1916319580598
WINLATON,-35.482338765,143.7504891813063
WINNAMBOOL,-34.957056885,142.7688872700213
WINNAP,-37.906927015,141.3941794610846
WINNINDOO,-38.074764665000004,146.75598945034892
WINSLOW,-38.23761046,142.46096153422423
WINTON,-36.519785479999996,146.09311533964944
WINTON NORTH,-36.455639489999996,146.09284654681974
WIRRATE,-36.76790546,144.98021568012575
WISELEIGH,-37.710140124999995,147.78671298145807
BONN,-36.413079370000005,144.7182896442085
WODONGA,-36.125990505000004,146.89326963271043
WOLLERT,-37.590953685,145.0110895913071
WOMBAT CREEK,-37.76717848,148.25300859377217
WOMBELANO,-37.020682465,141.56170057824642
WON WRON,-38.466014625,146.73713973336012
WONGA,-38.60122568,146.25253961660817
WONGA PARK,-37.73538841,145.26501378288572
WONGARRA,-38.67480684,143.79856230731605
WONGUNGARRA,-37.25433623,147.05156951872502
WONNANGATTA,-37.13137281,146.78196417250905
BONNIE DOON,-37.014010425,145.86476865536548
WONTHAGGI,-38.6195558,145.5882741741987
WONWONDAH,-36.886505475,142.18257233109074
WONYIP,-38.545314555000004,146.38259410221752
WOOD WOOD,-35.099820835,143.32824183526293
WOODEND,-37.369169255,144.53089273667447
WOODEND NORTH,-37.323449804999996,144.52637706723598
WOODFIELD,-37.057672069999995,145.78745742590945
WOODFORD,-38.315356515,142.4826094782296
WOODGLEN,-37.773903775,147.38479602078232
WOODHOUSE,-37.8076885,142.4227587665122
BONSHAW,-37.603790985,143.81348047077748
WOODLEIGH,-38.391145359999996,145.62036014553348
WOODS POINT,-37.560328760000004,146.34247833918027
WOODSIDE,-38.537779595,146.89940437767345
WOODSIDE BEACH,-38.545864635,146.977560571381
WOODSIDE NORTH,-38.423322999999996,146.823830053111
WOODSTOCK,-37.546056965000005,145.05437180522253
WOODSTOCK ON LODDON,-36.751512025,144.000902102904
WOODSTOCK WEST,-36.820244965,143.99448144185098
WOODVALE,-36.661203334999996,144.1865763966414
WOOL WOOL,-38.218089485,143.4126375693843
BOOKAAR,-38.110747610000004,143.08082746948162
WOOLAMAI,-38.507899715,145.5151947034887
WOOLENOOK,-37.690999505,147.04045478622692
WOOLSHED FLAT,-36.330571989999996,143.6590805509669
WOOLSTHORPE,-38.151986045,142.45615027718264
WOOMELANG,-35.67505554,142.6252077588606
WOORAGEE,-36.29128446,146.7433745734139
WOORARRA EAST,-38.60498038,146.38188612749823
WOORARRA WEST,-38.59402464,146.22169035108425
WOORI YALLOCK,-37.77956485,145.53055263370456
WOORINEN,-35.263788250000005,143.46740692489215
BOOLA,-38.051958979999995,146.4668151332097
WOORINEN NORTH,-35.237859995,143.43260635088382
WOORINEN SOUTH,-35.288582475,143.45497807445724
WOORNDOO,-37.883086305,142.80430131709943
WOOROONOOK,-36.266643975,143.21361815160253
WOOSANG,-36.32743876,143.44909355208188
WOOTONG VALE,-37.51882598,141.73334034423488
WORROWING,-37.671667995,146.7424460095324
WRATHUNG,-37.59866926,146.949530400362
WRIXON,-37.680694935000005,146.8516406374095
WROXHAM,-37.329997905,149.48241642678389
BOOLARONG,-38.56560135,146.2589506547102
WUK WUK,-37.748386075,147.41898424859153
WULGULMERANG,-37.02799665,148.3021328560802
WULGULMERANG EAST,-37.10040693,148.30812486517107
WULGULMERANG WEST,-37.237059970000004,148.073905406983
WUNGHNU,-36.166180515,145.42220316114174
WURDIBOLUC,-38.288327135,144.0546176129297
WURRUK,-38.112837995,147.02337549511736
WY YUNG,-37.79007851,147.61330084717622
WYCHEPROOF,-36.067853084999996,143.23073328287194
WYCHEPROOF SOUTH,-36.140415295,143.18554897525945
BOOLARRA,-38.382295505,146.2773937605554
WYCHITELLA,-36.26631505,143.62536407507588
WYCHITELLA NORTH,-36.197211485,143.63741084013725
WYE RIVER,-38.63038603,143.85610617231555
WYELANGTA,-38.651867755,143.4560777524744
WYNDHAM VALE,-37.858914049999996,144.60850507749203
WYUNA,-36.209320985,145.0687393971612
WYUNA EAST,-36.232864185,145.0907438915842
YAAPEET,-35.687868595,142.0644274528687
YABBA NORTH,-36.234213440000005,145.68159394857494
YABBA SOUTH,-36.281116319999995,145.68157751838498
BOOLARRA SOUTH,-38.462565530000006,146.30671683777197
YACKANDANDAH,-36.33037675,146.85195249862352
YALCA,-35.9198125,145.29091916258758
YALLA-Y-POORA,-37.52839628,143.12668412506426
YALLAMBIE,-37.72685007,145.0933336337737
YALLOURN,-38.192870985,146.34204181709336
YALLOURN NORTH,-38.12893313,146.37949737213182
YALMY,-37.415450899999996,148.4113892204647
YAMBUK,-38.32279904,142.0798337281975
YAMBUNA,-36.152781655,144.97301655085903
YAN YEAN,-37.55070548,145.13214874641073
ALLESTREE,-38.27379144,141.64865900077547
BOOLE POOLE,-37.907118995000005,147.83329286973077
YANAC,-36.096353,141.43346465906632
YANAKIE,-38.801980605,146.19564943780847
YANDO,-36.0732166,143.81553952480044
YANDOIT,-37.199879505,144.10524074819682
YANDOIT HILLS,-37.2130063,144.05365450149964
YANGERY,-38.31916349,142.44069303151173
YANGOURA,-37.80027811,146.57712480740747
YANNATHAN,-38.222870995,145.65034810457774
YAPEEN,-37.115307349999995,144.16617019038438
YARCK,-37.089969505,145.61023351009834
BOOLITE,-36.34099663,142.6816766902773
YARPTURK,-38.28146400999999,142.4294200766545
YARRA GLEN,-37.649978935,145.3823697900034
YARRA JUNCTION,-37.796378985000004,145.6267407107661
YARRABERB,-36.564907335,144.07205775446045
YARRAGON,-38.186344070000004,146.08596576620027
YARRAGON SOUTH,-38.257125970000004,146.05863095486916
YARRAM,-38.56188382,146.71467432466548
YARRAMBAT,-37.6379039,145.13642004921394
YARRAVILLE,-37.81805198,144.88265965961313
YARRAWALLA,-36.158369155,144.01082174946026
BOOMAHNOOMOONAH,-36.123905035,146.09916812012517
YARRAWONGA,-36.03396189,145.99913423809642
YARRAWONGA SOUTH,-36.080916505000005,146.02673098550827
YARROWEYAH,-35.94231,145.5666239392196
YATCHAW,-37.83989602,142.1372229246905
YAWONG HILLS,-36.469087724999994,143.386984527128
YEA,-37.27800336,145.40889750913306
YELLINGBO,-37.84870659,145.52153244810532
YELTA,-34.12372584,141.98948192422552
YENDON,-37.644905095,143.97686738641522
YEO,-38.36993789500001,143.6472897859251
BOONAH,-38.42765948,143.98378678048797
YEODENE,-38.395424495,143.70391493901235
YERING,-37.68403593,145.36842225585866
YEUNGROON,-36.401981160000005,143.34884798773095
YEUNGROON EAST,-36.359598935,143.43391766152178
YIELIMA,-35.906723,145.1817344054134
YINNAR,-38.334821975,146.30127676141086
YINNAR SOUTH,-38.370584005,146.35613616128478
YORK PLAINS,-36.591380529999995,142.91673266818125
YOUANMITE,-36.163931500000004,145.68764809904172
YOUARANG,-36.15122101,145.76613279551725
BOORCAN,-38.222083345,143.02871307575964
YULECART,-37.75461353,141.90823637915895
YUNDOOL,-36.276888,145.82057320097158
YUROKE,-37.58157148,144.8606538662454
YUULONG,-38.72260122,143.3075723505033
ZEERUST,-36.274583155,145.4001682884122
ZUMSTEINS,-37.113288100000005,142.37602676634873
TALLANDOON,-36.411727150000004,147.23189873452174
TALLANGATTA SOUTH,-36.333773695,147.2758800124018
WILLIAMS LANDING,-37.863074825,144.74442632792312
TUBBUT,-37.06063015,148.5910520508967
BOORHAMAN,-36.229344465,146.32140775702229
KNOCKWOOD,-37.41938039,146.26765907681005
GAFFNEYS CREEK,-37.48147626,146.27444391897075
TITTYBONG,-35.755554145000005,143.3640857377066
SOUTH WHARF,-37.825344799999996,144.95239449909405
ENOCHS POINT,-37.419278770000005,146.12839941323733
ESSENDON FIELDS,-37.724322445,144.90039943161668
GLENFALLOCH,-37.69294293,146.60439339669264
STONY CREEK,-38.593334875,146.07956840437416
MERRIJIG,-37.658208015,147.4316247844296
KILLARA,-37.75784264,141.4041254157578
BOORHAMAN EAST,-36.16445051,146.33474804223437
BIG HILL,-36.836496125,144.23217373904987
BELLFIELD,-37.2276485,142.48407273406502
NEWTOWN,-38.15371494,144.33590018274492
STONY CREEK,-37.22520111,143.68541654187146
MERRIJIG,-37.07772198,146.2801096869241
KILLARA,-36.140710345,146.94827925723638
BIG HILL,-38.479445940000005,144.0091985343873
BELLFIELD,-37.752993365,145.03870745452627
NEWTOWN,-37.699866935,143.65450812910558
SPRINGFIELD,-37.32989588,144.82559302728419
BOORHAMAN NORTH,-36.102951345,146.25036794308699
SPRINGFIELD,-35.57332838,143.11569909394743
FAIRY DELL,-36.328421995,144.74110596109688
FAIRY DELL,-37.69537089,147.7403774042752
ASCOT,-37.397224539999996,143.81156073268218
ASCOT,-36.70705704,144.33646023374445
HAPPY VALLEY,-37.72707799,143.5966046408339
HAPPY VALLEY,-34.69521794,142.7174702892069
GOLDEN POINT,-37.574508484999996,143.8651750904793
GOLDEN POINT,-37.064846105,144.2740909761555
GOLDEN POINT,-37.089939885,143.7636271001458
BOOROLITE,-37.159652879999996,146.2049338411203
GLENDONALD,-37.36158674,143.8445616318421
MYALL,-35.60523459,144.00800368532185
MYALL,-35.55077156,142.75786848286342
HILLSIDE,-37.846510065000004,147.5147439669161
HILLSIDE,-37.69113319,144.74116896977915
THOMSON,-38.171775485,144.38079730961783
THOMSON,-37.76374151,146.3358936866727
MOONLIGHT FLAT,-37.060181515,144.2486849752307
MOONLIGHT FLAT,-37.045590625,143.65196041135425
BOOROOL,-38.45157898,146.05558861627998
REEDY CREEK,-37.24055315,145.14950248825681
BANKSIA PENINSULA,-37.949790795,147.68158161783327
BOTANIC RIDGE,-38.135947385,145.25426008610083
REEDY FLAT,-37.40639046,147.9278508792285
ST JAMES,-36.25743573,145.8791869074259
ST HELENA,-37.6899474,145.12314986693963
DELEGATE RIVER,-37.106357425,148.79385482656036
EASTWOOD,-37.81307844,147.63373269615676
DEEPDENE,-37.811028789999995,145.06618885551086
ABERFELDIE,-37.759857425,144.89693815516762
ALMA,-37.02281947,143.67613728217447
BOORT,-36.12358202,143.74193138613137
LUCAS,-37.552599485,143.7693855413015
WOOREEN,-38.40670317,146.02042607356236
ARMSTRONG CREEK,-38.2358327,144.36301736626575
CHARLEMONT,-38.204719,144.3760450676603
ELIZABETH ISLAND,-38.41543392,145.36827702044022
WALKERVILLE NORTH,-38.843668295,145.99838424162363
CREEK VIEW,-36.60614005,144.65032500448768
MANOR LAKES,-37.866169445,144.58044837113346
WINTER VALLEY,-37.579213464999995,143.79462192123344
CAPEL SOUND,-38.370412965,144.87527524614302
BOOSEY,-36.04806562,145.79577566460205
AINTREE,-37.71900222,144.66841481929947
BONNIE BROOK,-37.70023936,144.67709357741057
COBBLEBANK,-37.708391410000004,144.6003743980718
DEANSIDE,-37.73266707,144.70423288855045
FIELDSTONE,-37.75223919,144.64821598273295
FRASER RISE,-37.70451581499999,144.7118918304912
GRANGEFIELDS,-37.70228181,144.63910652228506
HARKNESS,-37.654619505,144.5463322746043
STRATHTULLOH,-37.73251272,144.59689686359633
THORNHILL PARK,-37.725792639999995,144.62607332024493
BORALMA,-36.236352495000006,146.4067683552779
WEIR VIEWS,-37.731790645000004,144.57161534545116
BORNES HILL,-37.529497649999996,142.48985841701446
BORONIA,-37.85383197,145.2895588121782
BORUNG,-36.287512719999995,143.77645658431624
BOSTOCKS CREEK,-38.301878355,143.1174406812972
BOUNDARY BEND,-34.7298233,143.09804015034305
BOWENVALE,-37.00469279,143.70180186982236
BOWEYA,-36.276867505,146.11523161734058
ALMONDS,-36.2341155,146.05603053957566
BOWEYA NORTH,-36.234431005000005,146.10600281084538
BOWMANS FOREST,-36.469934135,146.62341958429027
BOWSER,-36.30933398,146.36204479406734
BOX HILL,-37.82133047,145.1261230710868
BOX HILL NORTH,-37.805920009999994,145.12908524615767
BOX HILL SOUTH,-37.8360785,145.12346643797176
BOXWOOD,-36.321025004999996,145.80614907083384
BRADFORD,-36.92170076,144.059752240624
BRADVALE,-37.79481364,143.3657404592945
BRAESIDE,-38.00200663,145.12372458605182
ALMURTA,-38.455159995,145.58032589186837
BRANDY CREEK,-38.10370306,145.91517056285699
BRANXHOLME,-37.843030985,141.80953441453204
BRAVINGTON,-38.082420635000005,145.92310903368747
BRAYBROOK,-37.784647635,144.85554572631003
BREAKAWAY CREEK,-38.03276649,141.8303057590937
BREAKWATER,-38.1772045,144.37411290808188
BREAMLEA,-38.294195435,144.38749686104094
BRENANAH,-36.566715009999996,143.71532211937432
BREWSTER,-37.496189545,143.52939217282005
BRIAGOLONG,-37.809567775,147.08508374453703
ALPHINGTON,-37.778210035,145.03005345535792
BRIAR HILL,-37.706071005,145.12353126754684
BRIDGE CREEK,-36.9040409,146.10293630782084
BRIDGEWATER,-36.63815101,143.94277230248082
BRIDGEWATER NORTH,-36.549388995,144.00622455424576
BRIDGEWATER ON LODDON,-36.60212251,143.9390599184216
BRIGHT,-36.70278518,147.04407806803317
BRIGHTON,-37.908041035,144.99469496202812
BRIGHTON EAST,-37.916474234999995,145.01516918583013
BRIM,-36.072241645,142.44380123214668
BRIMBOAL,-37.39457865,141.40618625242467
ALTONA,-37.863256480000004,144.81531509865601
BRIMIN,-36.05191813,146.26001586201227
BRIMPAEN,-37.06337499,142.1967531358052
BRINGALBERT,-36.841005464999995,141.1571871856242
BRIT BRIT,-37.406828489999995,141.73543628684297
BROADFORD,-37.215547315,145.05343053465197
BROADLANDS,-37.85950052,147.69011457459106
BROADMEADOWS,-37.67890808,144.9282518509592
BROADWATER,-38.12160108,142.0619079120167
BRODRIBB RIVER,-37.697629745,148.58992730229807
BROKEN CREEK,-36.434700995,145.88252827656765
ALTONA MEADOWS,-37.879540995,144.78202257722114
BROMLEY,-36.887175005,143.7856187450725
BROOKFIELD,-37.701390525,144.5414978823656
BROOKLYN,-37.81414051,144.84181401362991
BROOKVILLE,-37.351975435,147.6489270860924
BROOMFIELD,-37.385018575000004,143.90641316701988
BROUGHTON,-36.154578225,141.31614163302697
BROWN HILL,-37.546544985,143.9155349423675
BROWNS PLAINS,-36.035271685,146.62715267975193
BRUARONG,-36.420006395,146.870743571862
BRUCKNELL,-38.459416455,142.90397005858614
ALTONA NORTH,-37.838340375,144.83180396220095
BRUMBY,-37.019386405000006,148.03963494589834
BRUNSWICK,-37.76675359,144.9609748493139
BRUNSWICK EAST,-37.76848837,144.9780910790331
BRUNSWICK WEST,-37.76385973,144.94416575971957
BRUTHEN,-37.707684275,147.85368128839707
BUANGOR,-37.384815115,143.16676527481354
BUCHAN,-37.423538945000004,148.10325121378693
BUCHAN SOUTH,-37.54711116,148.0785848904692
BUCKLAND,-36.856363495,146.90325987503513
BUCKLEY,-38.21943466,144.09275063521935
ALVIE,-38.236609189999996,143.49434081745255
BUCKLEY SWAMP,-37.85633537,142.07921889304131
BUCKRABANYULE,-36.271296004999996,143.50975923704016
BUDGEE BUDGEE,-37.54873624,147.09045923370684
BUDGEREE,-38.419406,146.35999086735006
BUDGERUM EAST,-35.773584099999994,143.65235287196487
BUFFALO,-38.676154105,146.00357662443523
BUFFALO RIVER,-36.65502643000001,146.65980207930767
BULART,-37.585904479999996,141.91746246970075
BULDAH,-37.265441870000004,149.12420200323854
BULGA,-35.30450761,143.35101408667396
AMHERST,-37.139846325,143.65653884275827
BULGANA,-37.135969505,142.99495157534605
BULLA,-37.629843505,144.80308637958393
BULLAHARRE,-38.35254261,143.14113953728105
BULLAROOK,-37.50974796,144.00802747620224
BULLARTO,-37.388065499999996,144.22559595597735
BULLARTO SOUTH,-37.422904765,144.2175955365688
BULLEEN,-37.76699906,145.08848988410065
BULLENGAROOK,-37.481475555,144.5012572498968
BULLIOH,-36.175421845,147.35848864820366
BULLUMWAAL,-37.641920615000004,147.5823055862091
AMOR,-37.939794954999996,146.40462362159116
BULN BULN,-38.09278253,145.94891597226814
BULN BULN EAST,-38.07204602,146.01279628731805
BUMBERRAH,-37.79235998,147.83416761907785
BUNBARTHA,-36.25016911,145.3456744340704
BUNDALAGUAH,-38.024304785,147.00908353692026
BUNDALONG,-36.0524305,146.12846418794993
BUNDALONG SOUTH,-36.102498795,146.17084988531366
BUNDARA,-36.9923402,147.33365133004813
BUNDING,-37.53804010499999,144.17133179008053
BUNDOORA,-37.70282433,145.05607479226757
ABERFELDY,-37.702179215,146.37905383677037
AMPHITHEATRE,-37.200501925,143.40556166220998
BUNG BONG,-37.093090525,143.58501824596877
BUNGADOR,-38.42864814,143.32877308604685
BUNGAL,-37.703471815,144.1476407139944
BUNGALALLY,-36.797325965,142.25800258978717
BUNGAREE,-37.5613908,144.00414210977857
BUNGEET,-36.27705047,146.04948250158517
BUNGEET WEST,-36.351278985,145.99025987501653
BUNGIL,-36.0835515,147.40802373651786
BUNGULUKE,-36.055958515,143.36945133985904
BUNINYONG,-37.647935075,143.89326004327734
ANAKIE,-37.941335025,144.29195479128612
BUNKERS HILL,-37.576042965,143.75286795839918
BUNYIP,-38.10202538,145.72059012295585
BUNYIP NORTH,-38.062417205,145.7242650435094
BURAGWONDUC,-37.485731465,146.78198875919
BURKES BRIDGE,-35.836413365,144.34257557615445
BURKES FLAT,-36.63955565,143.56551420702118
BURNBANK,-37.22942997,143.5884093751748
BURNEWANG,-36.471470615,144.6747755010157
BURNLEY,-37.829876850000005,145.0165463819128
BURNSIDE,-37.75021497,144.74965736078656
ANCONA,-36.9668675,145.8137886515084
BURNSIDE HEIGHTS,-37.732975745000005,144.75608849437225
BURRAMBOOT,-36.529835815,144.82032244712414
BURRAMINE,-36.007912485000006,145.8725238489517
BURRAMINE SOUTH,-36.069983995,145.86367778940277
BURROWYE,-36.02459801,147.54085213573353
BURRUMBEET,-37.496440455,143.62781625658513
BURWOOD,-37.848932024999996,145.11439444606327
BURWOOD EAST,-37.853926615,145.1475227047004
BUSHFIELD,-38.323345115,142.51664287378287
BUSHY PARK,-37.85867433,147.01070356701413
ANDERSON,-38.523205565,145.4483727264945
BUTCHERS RIDGE,-37.261020685000005,148.25358907435566
BUXTON,-37.435295665,145.7170193405767
BYADUK,-37.945183895,141.9828750445687
BYADUK NORTH,-37.86148251,141.98093624611406
BYAWATHA,-36.288939485,146.47082300699265
BYLANDS,-37.350326005,144.93086562537636
BYRNESIDE,-36.41029004,145.1592460455844
CABARITA,-34.20580851,142.08316485317889
CABBAGE TREE,-37.4603905,143.90813634790862
CABBAGE TREE CREEK,-37.65677152,148.71538427146936
ANGLERS REST,-37.0188265,147.47220313413365
CADELLO,-37.304904305,144.52904592938984
CAIRNLEA,-37.758891525,144.78653728696167
CALDER PARK,-37.6750863,144.76143083540447
CALDERMEADE,-38.247948575,145.52233493670585
CALIFORNIA GULLY,-36.728377034999994,144.2586968544067
CALIVIL,-36.24718797,144.07834237357355
CALLAWADDA,-36.822251030000004,142.80542959851374
CALLIGNEE,-38.318973764999996,146.5797548853153
CALLIGNEE NORTH,-38.321430225,146.62132426390954
CALLIGNEE SOUTH,-38.379841365000004,146.6073066398638
ANGLESEA,-38.378483485000004,144.15365740909277
CALROSSIE,-38.500152580000005,146.6710896707973
CALULU,-37.788752205,147.5084069375124
CAMBARVILLE,-37.61896687,146.02929256203933
CAMBERWELL,-37.83561788,145.07400829663598
CAMBRIAN HILL,-37.636964320000004,143.81720545494204
CAMPBELLFIELD,-37.66614922,144.96134991625442
CAMPBELLS BRIDGE,-36.927896485000005,142.7913042227153
CAMPBELLS CREEK,-37.106394179999995,144.21340080344663
CAMPBELLS FOREST,-36.614619325,144.12005214555944
CAMPBELLTOWN,-37.2060372,143.96003339792543
ANNUELLO,-34.855289125,142.80087277985618
CAMPERDOWN,-38.228972805,143.13678392976126
CANADIAN,-37.58412603,143.8825182055349
CANARY ISLAND,-36.003944965,143.87535826234802
CANIAMBO,-36.471819515,145.59970897786332
CANN RIVER,-37.586866615,149.16237455658708
CANNIE,-35.75428352,143.52549458659
CANNONS CREEK,-38.207685645,145.30741574752693
CANNUM,-36.248418490000006,142.30539823124883
CANTERBURY,-37.82424168,145.07741940341413
CAPE BRIDGEWATER,-38.329778505,141.43424854994186
ANTWERP,-36.269504209999994,141.97544014636662
CAPE CLEAR,-37.778201335,143.6094976469298
CAPE CONRAN,-37.789607965,148.71717924794805
CAPE OTWAY,-38.779159525,143.5755283698852
CAPE PATERSON,-38.656117005,145.61793424399963
CAPE SCHANCK,-38.46719538000001,144.9047752860001
CAPE WOOLAMAI,-38.543413965,145.3432186869701
CAPELS CROSSING,-35.61379911,143.9225659768768
CARAG CARAG,-36.465771805,144.89093406819052
CARALULUP,-37.198349414999996,143.6440334091127
CARAMUT,-37.952724885,142.53471632589805
APOLLO BAY,-38.73613771,143.64052037203385
CARAPOOEE,-36.71885048,143.33735513370098
CARAPOOEE WEST,-36.70927099,143.23870912538354
CARAPOOK,-37.515253994999995,141.56942499359303
CARBOOR,-36.646774785000005,146.54775918805512
CARDIGAN,-37.535639474999996,143.74521083743633
CARDIGAN VILLAGE,-37.516930005,143.70992682586018
CARDINIA,-38.145351225,145.4237009785548
CARDROSS,-34.30549302,142.12546372767696
CARGERIE,-37.803958135,143.9497815433802
CARINA,-35.22129358,141.10233365661654
APPIN,-35.875072024999994,143.87390948164517
CARINGAL,-37.946726354999996,146.34091907390814
CARISBROOK,-37.030714955,143.8373496656658
CARLISLE RIVER,-38.568372775,143.43494866981837
CARLSRUHE,-37.290842014999996,144.49206665637854
CARLTON,-37.799991495,144.96929290492687
CARLTON NORTH,-37.787287415,144.96794360435103
CARLYLE,-35.997671464999996,146.4856790039649
CARNEGIE,-37.893727345,145.0555838672543
CARNGHAM,-37.56097746499999,143.59182417328523
CAROLINE SPRINGS,-37.731302740000004,144.73837866270878
ACHERON,-37.27057948,145.70824293276164
APPIN SOUTH,-35.926637435,143.8648939417361
CARPENDEIT,-38.391239354999996,143.24101729979918
CARRAJUNG,-38.379841365000004,146.68034636364072
CARRAJUNG LOWER,-38.389889014999994,146.76228755252313
CARRAJUNG SOUTH,-38.38402537,146.80090952290533
CARRANBALLAC,-37.696981355000005,143.17087710134234
CARRON,-36.28035276,142.75920246251002
CARRUM,-38.07712295,145.12772675251023
CARRUM DOWNS,-38.097264605,145.17612322443227
CARWARP,-34.52675202,142.17625767004296
CASHMORE,-38.30772958,141.50237311172924
APSLEY,-36.981540460000005,141.08798021649102
CASSILIS,-37.204151525,147.60513588502982
CASTELLA,-37.516293515,145.42300415361677
CASTERTON,-37.60032513,141.2920420701994
CASTLE CREEK,-36.18296187,146.82379148616178
CASTLE DONNINGTON,-35.421402005000004,143.57168924253716
CASTLEMAINE,-37.0592515,144.21644874221124
CATANI,-38.192557414999996,145.64880248255264
CATHCART,-37.31312623,142.88203717224314
CATHKIN,-37.162967295,145.61250619399445
CATUMNAL,-36.079910505,143.6180804240169
ARAPILES,-36.74120491,141.84928077645668
CAULFIELD,-37.884816490000006,145.02615188470605
CAULFIELD EAST,-37.88110951,145.04211870785403
CAULFIELD NORTH,-37.870747445,145.02179250302584
CAULFIELD SOUTH,-37.89513299,145.02485410811443
CAVEAT,-37.058319505,145.4965244513376
CAVENDISH,-37.48521935,142.07146959284484
CERES,-38.163058379999995,144.27292495441236
CHADSTONE,-37.88271046,145.09959409040425
CHANDLERS CREEK,-37.308129414999996,149.32165191781417
CHAPEL FLAT,-37.478832995000005,143.89635598906972
ARARAT,-37.266082365,142.98331509202114
CHAPPLE VALE,-38.626372645000004,143.29354642450284
CHARAM,-36.951457495,141.51258584441712
CHARLEROI,-36.309903575,147.15623879297493
CHARLTON,-36.28130998,143.34349856848957
CHATSWORTH,-37.84028584,142.6595815274983
CHELSEA,-38.049623865,145.12163615278845
CHELSEA HEIGHTS,-38.04005112,145.13331079309853
CHELTENHAM,-37.961910384999996,145.05710151280414
CHEPSTOWE,-37.59672491,143.48538156874375
CHEROKEE,-37.397465495000006,144.6449631998329
ARAWATA,-38.394621785,145.88277286843248
CHERRYPOOL,-37.130302895,142.1768406198546
CHESHUNT,-36.82959477,146.44290247224336
CHESHUNT SOUTH,-36.93469308,146.47712988712954
CHESNEY VALE,-36.41411748,146.06165421790982
CHETWYND,-37.30221,141.35263675548396
CHEWTON,-37.091369125,144.26963727423976
CHEWTON BUSHLANDS,-37.078112995,144.29348894044614
CHILDERS,-38.299090469999996,146.0957795419505
CHILLINGOLLAH,-35.27771536,143.04508184220674
CHILTERN,-36.18600391,146.62149851319472
ARBUCKLE,-37.36952573,146.81923764410743
CHILTERN VALLEY,-36.143220545,146.55047452203553
CHINANGIN,-35.532754385000004,143.18136135613287
CHINKAPOOK,-35.180823520000004,142.94451207855383
CHINTIN,-37.3963245,144.82971732811689
CHIRNSIDE PARK,-37.74163703,145.31364237756782
CHIRRIP,-36.160097914999994,143.1259905450998
CHOCOLYN,-38.19763802,143.20290210034955
CHRISTMAS HILLS,-37.65813871,145.3071235624658
CHUM CREEK,-37.606667485,145.4918447325666
CHURCHILL,-38.31543798,146.41988458256242
ARCADIA,-36.5556005,145.38555461213738
CHURCHILL ISLAND,-38.50102547,145.33864459452585
CHUTE,-37.309425250000004,143.4147851721317
CLARENDON,-37.700097395,143.97175950290398
CLARETOWN,-37.516355295,144.03270151407298
CLARINDA,-37.94267148,145.10583776068322
CLARKEFIELD,-37.481700415000006,144.80868392432632
CLARKES HILL,-37.498942979999995,143.9788091258885
CLAYTON,-37.915052395000004,145.13174818023194
CLAYTON SOUTH,-37.94496026,145.12777927728828
CLEAR LAKE,-36.945224275,141.89696532488654
ARCADIA SOUTH,-36.595534869999994,145.3805229765274
CLEMATIS,-37.930800995,145.42116265574128
CLIFTON CREEK,-37.71043065,147.6641032663913
CLIFTON HILL,-37.78930553,144.9987742765657
CLIFTON SPRINGS,-38.151941750000006,144.57456176500244
CLONBINANE,-37.367790955000004,145.15895050686214
CLOVER FLAT,-37.608459034999996,141.55988442275498
CLOVERLEA,-38.236427545,145.99757323505784
CLUB TERRACE,-37.526294824999994,148.93897311626233
CLUNES,-37.287624855000004,143.7802903654566
CLYDE,-38.15541898,145.3569067817491
ARCHDALE,-36.83494098,143.51168490492307
CLYDE NORTH,-38.10004567,145.36043157861906
CLYDEBANK,-38.047276495000006,147.18668262332744
CLYDESDALE,-37.17451206,144.0978629017153
COALVILLE,-38.24274264,146.26400541077936
COBAINS,-38.076825764999995,147.1520944361736
COBAW,-37.2636458,144.63668947550946
COBBANNAH,-37.66219942,147.2607802524915
COBBERAS,-36.85797282,148.1117983807467
COBDEN,-38.33252949,143.0830087756403
COBRAM,-35.923336000000006,145.63143408099816
ARCHDALE JUNCTION,-36.88744185,143.52380407391445
COBRAM EAST,-35.965633845,145.72986331829446
COBRICO,-38.293150975,143.01618968352633
COBUNGRA,-37.07952984,147.3717770286019
COBURG,-37.74493832,144.96394366946447
COBURG NORTH,-37.727088435,144.96788230847795
COCAMBA,-35.106575004999996,142.9001465976046
COCHRANES CREEK,-36.695388525,143.5757781900134
COCKATOO,-37.926429045,145.5035590202621
COCOROC,-37.96356107,144.61719353758457
CODRINGTON,-38.263315995,141.96927008089975
ADA,-37.84072332,145.8552832000245
ARCHERTON,-36.869884985,146.19399919924734
COGHILLS CREEK,-37.384365345,143.75244389415465
COHUNA,-35.775381805,144.26431446493
COIMADAI,-37.590401345000004,144.4910413381756
COKUM,-35.74901864,143.2548903721137
COLAC,-38.30990041,143.5874127267173
COLAC COLAC,-36.221913459999996,147.8562040422661
COLAC EAST,-38.333482475,143.61640335560344
COLAC WEST,-38.332607485,143.54493674405927
COLBINABBIN,-36.60442374,144.8041336989462
COLBROOK,-37.533243334999995,144.2223963815149
ARCHIES CREEK,-38.54886314,145.5649791282076
COLDSTREAM,-37.70433219,145.34228460746567
COLERAINE,-37.591226575,141.6736104972739
COLIGNAN,-34.540762625,142.3213589849546
COLLINGWOOD,-37.801173004999995,144.98832602865878
COMBIENBAR,-37.386282519999995,149.02118925587996
CONCONGELLA,-37.04864303,142.86845991385096
CONDAH,-37.940822705,141.69977660442964
CONDAH SWAMP,-37.975085055,141.8366660267423
CONGUPNA,-36.285657015,145.47501954609965
CONNEWARRE,-38.250784015,144.43528545413784
ARDEER,-37.775684465,144.80092537499684
CONNEWIRRICOO,-37.17780377,141.47506603487983
COOJAR,-37.35889848,141.66015362491945
COOLAROO,-37.653738495,144.9355371626053
COOMA,-36.409381014999994,145.07286477340458
COOMBOONA,-36.2687914,145.29913365919322
COOMOORA,-37.328911085,144.19515417357667
COONGULLA,-37.873209,146.7779650293412
COONOOER BRIDGE,-36.467419975,143.30870496938644
COONOOER WEST,-36.42586269,143.2138544782897
COOPERS CREEK,-37.987465979999996,146.42367012459636
ARDMONA,-36.382414025,145.29541003676246
COORIEMUNGLE,-38.566705165,143.14925568353902
COPE COPE,-36.467353015,143.05682060089384
CORA LYNN,-38.142753175,145.6203770583669
CORACK,-36.181267485,143.02108510439007
CORACK EAST,-36.146838535,143.048128306266
CORAGULAC,-38.263663890000004,143.5400889925487
CORAL BANK,-36.619072625,147.10879860265956
CORINDHAP,-37.86494808,143.75699551906223
CORINELLA,-38.42520564,145.4767610302883
CORIO,-38.067541875,144.37294440987722
AREEGRA,-36.23572952,142.67991235965155
CORNDALE,-37.528256975000005,141.27584292944692
CORNELLA,-36.686842025000004,144.77750414823612
CORNISHTOWN,-36.10500648,146.57134056353868
CORONET BAY,-38.43481865,145.44505345477717
COROP,-36.459322490000005,144.77408370485304
COROROOKE,-38.29681317,143.52869637671557
CORRINGLE,-37.784764165,148.44339712569214
CORRYONG,-36.18582861,147.89662764332436
CORUNNUN,-38.281931,143.48755144082537
COSGROVE,-36.34609732,145.62043077394696
ARGYLE,-36.96704393,144.71503100328982
COSGROVE SOUTH,-36.41269402,145.63184461184792
COSTERFIELD,-36.870204795,144.79559376978932
COTSWOLD,-37.13964747,143.9027471424188
COTTLES BRIDGE,-37.60699798500001,145.2198526831923
COWA,-37.385502085,147.19333663079965
COWANGIE,-35.192718,141.36456395147462
COWES,-38.46830948,145.2389014923035
COWLEYS CREEK,-38.50276065,143.03759345686194
COWWARR,-38.028614489999995,146.69700959153877
CRAIGIE,-37.109539514999994,143.766654213635
ARMADALE,-37.857726715,145.01948785391528
CRAIGIEBURN,-37.581391710000005,144.92584982180955
CRANBOURNE,-38.11421903,145.27060155857333
CRANBOURNE EAST,-38.112680835,145.30446272455936
CRANBOURNE NORTH,-38.077550294999995,145.2987326827219
CRANBOURNE SOUTH,-38.149395685,145.24208210695716
CRANBOURNE WEST,-38.1034346,145.2504135369732
CREEK JUNCTION,-36.847504695,145.88829782587766
CREIGHTONS CREEK,-36.86303468,145.5134782959688
CREMORNE,-37.829454045000006,144.99260335275915
CRESSY,-38.03722739,143.65915334633604
ARMSTRONG,-37.214061465,142.8822222792461
CRESWICK,-37.420783310000004,143.89146081759517
CRESWICK NORTH,-37.36672606,143.87487638372062
CRIB POINT,-38.356431244999996,145.2027440652957
CROOKAYAN,-37.489877155,146.62716653498111
CROOKED RIVER,-37.387998429999996,146.99956048039888
CROSS ROADS,-37.50114848,143.21261391670555
CROSSLEY,-38.31703944,142.31342868489395
CROSSOVER,-38.05754347,145.97377239012093
CROWLANDS,-37.128705554999996,143.09745369848704
CROXTON EAST,-37.774868895,142.22700133368915
ARNOLD,-36.672159480000005,143.85830316119848
CROYDON,-37.791329405,145.2820430607325
CROYDON HILLS,-37.77437191,145.26875811281465
CROYDON NORTH,-37.77327006,145.2844973481938
CROYDON SOUTH,-37.81554457,145.27881235594884
CRYMELON,-36.15315593,142.23955073590182
CUDGEE,-38.341017019999995,142.64690520227145
CUDGEWA,-36.155054325,147.8102491194683
CULGOA,-35.707047005,143.11464081556323
CULLA,-37.240398975000005,141.6215689644564
CULLEN,-35.78369602,144.15489570393032
ARNOLD WEST,-36.66920801,143.7771541079904
CULLULLERAINE,-34.18809056,141.65141345288689
CUNDARE,-38.144529025,143.59292412143375
CUNDARE NORTH,-38.10730979,143.56060497994594
CURDIES RIVER,-38.44468478,142.94623870647513
CURDIEVALE,-38.520586574999996,142.8526889845753
CURLEWIS,-38.178489525,144.52235070446463
CURYO,-35.843721155,142.71050207818337
DADSWELLS BRIDGE,-36.90419349,142.4954709063025
DAISY HILL,-37.112436515,143.71978518836698
DALES CREEK,-37.522136454999995,144.303078390336
ADAMS ESTATE,-38.424770505,145.53145241447876
ARTHURS CREEK,-37.56784911,145.20485817857195
DALLAS,-37.672026505000005,144.93650294031528
DALMORE,-38.18788652,145.4180086591166
DALTONS BRIDGE,-35.826754050000005,144.28505592429667
DALYENONG,-36.806232255,143.41463413257395
DALYSTON,-38.56808807,145.54676787260206
DANDENONG,-37.98559176,145.21260434214992
DANDENONG NORTH,-37.955058105,145.2149574358558
DANDENONG SOUTH,-38.029521270000004,145.2158031744626
DANDONGADALE,-36.833082495,146.7248059238314
DARGO,-37.321696454999994,147.33256003423213
ARTHURS SEAT,-38.36072247,144.959734454125
DARLEY,-37.63645396,144.43219543951056
DARLIMURLA,-38.397089300000005,146.22636308502976
DARLINGTON,-37.97919417,143.05165187705137
DARNUM,-38.18125802,146.01394070488863
DARRAWEIT GUIM,-37.416680459999995,144.87708832389833
DARRIMAN,-38.40956558,146.89883784582008
DARTMOOR,-37.89521178,141.26794293772753
DARTMOUTH,-36.611893385,147.61377063533624
DAWSON,-37.974244850000005,146.69000362803536
DAYLESFORD,-37.348383075,144.1591759321159
DEAN,-37.456459045,143.9782162126187
DEANS MARSH,-38.406891805,143.89862822645858
DEDDICK VALLEY,-37.048861454999994,148.46028897961372
DEDERANG,-36.475534135000004,147.00213603692032
DEEP LEAD,-37.0029161,142.7258433925835
DEER PARK,-37.767036759999996,144.76658807447237
DELACOMBE,-37.58265651000001,143.81746150521684
DELAHEY,-37.718853605,144.7769260688366
DELATITE,-37.125636905,146.15835710009702
DELBURN,-38.334726425,146.22902166397478
DENICULL CREEK,-37.342172024999996,142.9285440560268
DENISON,-38.03811101,146.87487014156216
DENNINGTON,-38.355166,142.43364159265474
DENVER,-37.287916115,144.29428250063
DEPTFORD,-37.5719878,147.6906178278545
DERBY,-36.654720135,144.01433237532652
DEREEL,-37.826100515,143.7612169111651
DERGHOLM,-37.342407984999994,141.18750095165856
DERRIMUT,-37.798365000000004,144.7709383061796
DERRINAL,-36.89514001,144.56824469262506
ASCOT VALE,-37.779748755,144.9226441769252
DERRINALLUM,-37.95887715,143.17541080279068
DEVENISH,-36.336748525000004,145.89727871100592
DEVILS RIVER,-37.172086465,145.8169469733374
DEVON MEADOWS,-38.17084903,145.30856688733786
DEVON NORTH,-38.535732485,146.62141794560102
DEWHURST,-37.97613322,145.47387522694925
DHURRINGILE,-36.535539334999996,145.21643029469467
DIAMOND CREEK,-37.660826785,145.1546847095416
DIGBY,-37.81263535,141.54002867876034
DIGGERS REST,-37.61388302,144.68208090574768
ASHBOURNE,-37.411647529999996,144.46035619730128
DIGGORA,-36.363484505,144.53088908742987
DIMBOOLA,-36.39357029,142.04900773495075
DINGEE,-36.37213809,144.21249723173872
DINGLEY VILLAGE,-37.975031305,145.1253816426863
DINGWALL,-35.808669890000004,143.84816762692986
DINNER PLAIN,-37.033993505,147.28026254972463
DIXIE,-38.305962315,142.92704066586407
DIXONS CREEK,-37.5843985,145.43077181674337
DOBIE,-37.331337405,143.03326565206748
DOCKER,-36.506176010000004,146.36718872153665
ASHBURTON,-37.867041155,145.07814244363357
DOCKERS PLAINS,-36.287586759999996,146.33519857686738
DOCKLANDS,-37.818081989999996,144.9385947032286
DOCTORS FLAT,-37.302504,147.74319617999888
DOLLAR,-38.558305565,146.18022807380106
DON VALLEY,-37.73363352,145.590593268928
DONALD,-36.304856,142.95393927300609
DONCASTER,-37.783010005,145.12235200947475
DONCASTER EAST,-37.775726649999996,145.16161260756655
DONNYBROOK,-37.540042854999996,144.98843812141
DONVALE,-37.78671042,145.18501570613392
ASHWOOD,-37.86549816,145.10253935166898
DOOBOOBETIC,-36.3773864,143.1974281649958
DOOEN,-36.642049475,142.2363530126854
DOOKIE,-36.333688585000004,145.710308677841
DOOKIE COLLEGE,-36.39437596,145.7034196904806
DOREEN,-37.5982523,145.14036812370446
DORODONG,-37.319840975000005,141.0480493301436
DOUBLE BRIDGES,-37.596043935,147.89564459666448
DOUGLAS,-37.041072915,141.71147089604835
DOVETON,-37.98367575,145.23930925948216
DREEITE,-38.14509383,143.51047873169404
ASPENDALE,-38.022424105,145.1035943543996
DREEITE SOUTH,-38.19685203,143.48012049881623
DRIFFIELD,-38.27079859,146.30361878907323
DRIK DRIK,-38.00863998,141.28494403262386
DROMANA,-38.33202689,145.01205398958675
DROPMORE,-37.040271485000005,145.42894546927062
DROUIN,-38.14322448,145.8408379955146
DROUIN EAST,-38.124254965,145.88998908475526
DROUIN SOUTH,-38.188896395,145.82848814318265
DROUIN WEST,-38.079440315,145.86709179687188
DRUMANURE,-36.167283025,145.4861847393533
ASPENDALE GARDENS,-38.023476505,145.12347928651192
DRUMBORG,-38.104775610000004,141.49156561029568
DRUMCONDRA,-38.130163710000005,144.35404111806997
DRUMMARTIN,-36.428835885,144.4065247161884
DRUMMOND,-37.242910855,144.30500573537955
DRUMMOND NORTH,-37.190406115,144.32418736301193
DRUNG,-36.762928495,142.3216864040764
DRY DIGGINGS,-37.29794349,144.15818281546433
DRYSDALE,-38.176494515,144.59818967972956
DUCHEMBEGARRA,-36.615484165,141.90741714419002
DUMBALK,-38.52460664,146.1200054393857
ADDINGTON,-37.393081495,143.66857420556292
ATHLONE,-38.243414475,145.78677670315415
DUMBALK NORTH,-38.511910895,146.1694165506372
DUMOSA,-35.938858530000005,143.18852325571697
DUNACH,-37.21713389,143.76827193433064
DUNDONNELL,-37.899240485,142.98411095976695
DUNKELD,-37.672911465,142.36419742535537
DUNLUCE,-36.8803165,143.59831697052826
DUNNEWORTHY,-37.20440288,143.04074091306353
DUNNSTOWN,-37.59273726,143.96769739265073
DUNOLLY,-36.86622653,143.7309171339847
DUNROBIN,-37.519211985,141.37954051589583
ATTWOOD,-37.667179515,144.88251197429236
DURDIDWARRAH,-37.8224236,144.16399958313548
DURHAM LEAD,-37.69619579,143.88288192245136
DURHAM OX,-36.120036795000004,143.91837428634244
DUTSON,-38.18065826,147.2402649555521
DUTSON DOWNS,-38.199753165000004,147.3425562964718
DUTTON WAY,-38.30125845,141.61851091687382
DUVERNEY,-38.038031365,143.55874004356787
EAGLE POINT,-37.895464520000004,147.67152699389138
EAGLEHAWK,-36.70776195,144.2632229197448
EAGLEHAWK NORTH,-36.690717495,144.25346051150632
AUBREY,-36.230458495,142.2191834120331
EAGLEMONT,-37.7631278,145.06603687056466
EARLSTON,-36.53110153,145.68148763683004
EAST BAIRNSDALE,-37.856365679999996,147.65038046465057
EAST BENDIGO,-36.738288485,144.32698335060593
EAST GEELONG,-38.153745705,144.3813761116591
EAST MELBOURNE,-37.81558798499999,144.98255546950685
EAST SALE,-38.104146330000006,147.1420755556316
EAST WANGARATTA,-36.362918975,146.3784676089661
EAST WARBURTON,-37.693447,145.76351854188215
EASTERN VIEW,-38.451642115,144.04231091861428
AUCHMORE,-36.476926954999996,144.09218439348746
EASTVILLE,-36.880591265,143.93902491999404
EBDEN,-36.16880066,147.04039208534556
ECHUCA,-36.155685055,144.74892106235757
ECHUCA VILLAGE,-36.144545155,144.81382374293003
ECHUCA WEST,-36.17606099,144.66962381093822
ECKLIN SOUTH,-38.385920165,142.90203756199824
EDDINGTON,-36.913699445,143.85662089978652
EDEN PARK,-37.48738736,145.0668250036539
EDENHOPE,-37.064099395,141.32294844341052
EDGECOMBE,-37.18427523,144.46130561490156
AVALON,-38.048872555,144.44709119268748
EDI,-36.65038619,146.4102469224403
EDI UPPER,-36.74731357,146.5235251884858
EDITHVALE,-38.037801834999996,145.11554727989858
EGANSTOWN,-37.36089903,144.09377896518464
EILDON,-37.370999049999995,145.99091010784835
ELAINE,-37.761595015,144.0062834735395
ELDORADO,-36.31163461,146.53062692119204
ELEVATED PLAINS,-37.294746399999994,144.1320677170975
ELINGAMITE,-38.368766345,143.00585291110303
ELINGAMITE NORTH,-38.350802494999996,142.98000315354756
AVENEL,-36.93218266,145.31296103383502
ELLASWOOD,-37.78192724,147.57194094550545
ELLERSLIE,-38.12801298,142.65473180867264
ELLIMINYT,-38.369525155000005,143.5776448017449
ELLINBANK,-38.25333257,145.9317691898746
ELMHURST,-37.168690505,143.25118188820494
ELMORE,-36.46748945,144.56153517949622
ELPHINSTONE,-37.07559584,144.3590471624837
ELSTERNWICK,-37.887400240000005,145.0073631016612
ELTHAM,-37.714640579999994,145.1546071131307
ELTHAM NORTH,-37.697805675,145.14267483541227
AVOCA,-37.069068325,143.4798150805004
ELWOOD,-37.881011924999996,144.98557876171117
EMERALD,-37.932485979999996,145.4498308494898
EMU,-36.731660535,143.4503120741128
EMU CREEK,-36.851726694999996,144.35293911958843
ENDEAVOUR HILLS,-37.969638005,145.25850314840497
ENFIELD,-37.753163475,143.77438636400007
ENGLEFIELD,-37.32501044,141.80966036319478
ENSAY,-37.386552705,147.81203166938423
ENSAY NORTH,-37.29690071,147.86137577540325
EPPALOCK,-36.854173965,144.46879134868084
AVON PLAINS,-36.535931000000005,142.94054076432514
EPPING,-37.638363104999996,145.01607721052198
EPSOM,-36.70001451,144.30898476461815
ERCILDOUNE,-37.418138905,143.607338099142
ERICA,-37.976312265000004,146.38012087083456
ERRINUNDRA,-37.483655595,148.7163511912221
ESKDALE,-36.52889899,147.23152181047914
ESMOND,-36.062242225,146.18197167447948
ESSENDON,-37.749223924999995,144.90890922423281
ESSENDON NORTH,-37.738976025,144.9016799702225
ESSENDON WEST,-37.754924525,144.88309589433115
AVONDALE HEIGHTS,-37.762875300000005,144.8630189517335
EUMEMMERRING,-37.997715475,145.24850321415778
EURACK,-38.151504375,143.7299718841973
EUREKA,-37.56453101,143.88232770150216
EUROA,-36.773356,145.58289959674772
EUROBIN,-36.63902849,146.8407711538965
EVANSFORD,-37.262128555000004,143.65202797531765
EVERSLEY,-37.194702995,143.1729102411232
EVERTON,-36.442921475000006,146.56186096006286
EVERTON UPPER,-36.37745811,146.56240653783863
EXFORD,-37.728422995,144.54280722907185
AVONMORE,-36.534986180000004,144.5414988521053
EYNESBURY,-37.791137195000005,144.5331929739637
FAIRBANK,-38.405115550000005,145.92129214769753
FAIRFIELD,-37.78441511,145.01227753574005
FAIRHAVEN,-38.4560865,144.08542214310012
FAIRLEY,-35.685241829999995,143.8125865338862
FALLS CREEK,-36.87868279,147.2441787765519
FARADAY,-37.052187875,144.30751694483877
FAWCETT,-37.1030936,145.71818363210656
ADELAIDE LEAD,-37.085551245,143.66932271928448
AVONSLEIGH,-37.91375049,145.48215475307168
FAWKNER,-37.704796735,144.9695354547287
FENTONS CREEK,-36.55749699,143.52877325608978
FERGUSON,-38.62363107,143.52180181037585
FERN HILL,-37.37144797,144.41292154963762
FERNBANK,-37.86392633,147.30986498959038
FERNDALE,-38.308565715,145.92986859120873
FERNIHURST,-36.228699,143.86606605656283
FERNSHAW,-37.6092565,145.61809020723706
FERNTREE GULLY,-37.88624054,145.2803167333823
AXE CREEK,-36.861469505,144.38510058261426
FERNY CREEK,-37.87566948,145.3323683244107
FIERY FLAT,-36.411239795,143.81215036927483
